name,datetime,tempmax,tempmin,temp,humidity,precip,precipprob,precipcover,preciptype,snow,snowdepth,description,source
Barcelona,1979-06-24,24.1,17.1,20.9,76.9,0,0,0,,,,Partly cloudy throughout the day.,obs
Barcelona,1979-06-25,25.7,17.1,21,77.2,0,0,0,,,,Partly cloudy throughout the day.,obs
Barcelona,1979-06-26,26.2,18.1,22.1,67.1,0,0,0,,,,Partly cloudy throughout the day.,obs
Barcelona,1979-06-27,27.1,16.1,23.7,62.7,0,0,0,,,,Partly cloudy throughout the day.,obs
Barcelona,1979-06-28,28.1,19,22.8,70.3,0,0,0,,,,Partly cloudy throughout the day.,obs
Barcelona,1979-06-29,27.6,18,22.6,71.1,0,0,0,,,,Partly cloudy throughout the day.,obs
Barcelona,1979-06-30,28.1,18.1,22.8,76.3,0,0,0,,,,Partly cloudy throughout the day.,obs
Barcelona,1979-07-01,23.9,19,21.3,81.8,0,0,0,,,,Partly cloudy throughout the day.,obs
Barcelona,1979-07-02,22.1,16.2,19.2,81.3,2,100,4.17,rain,,,Partly cloudy throughout the day with early morning rain.,obs
Barcelona,1979-07-03,23.1,17,20,66.6,0,0,0,,,,Partly cloudy throughout the day.,obs
Barcelona,1979-07-04,25.1,17,21,74.8,0,0,0,,,,Partly cloudy throughout the day.,obs
Barcelona,1979-07-05,25.1,16.1,20.8,70.8,0,0,0,,,,Partly cloudy throughout the day.,obs
Barcelona,1979-07-06,28.6,15.9,22.2,63.4,0,0,0,,,,Clear conditions throughout the day.,obs
Barcelona,1979-07-07,26.7,18,22.7,57.1,0,0,0,,,,Clear conditions throughout the day.,obs
Barcelona,1979-07-08,28.2,18,23.3,70.7,0,0,0,,,,Clear conditions throughout the day.,obs
Barcelona,1979-07-09,27.7,17,22.6,75.2,0,0,0,,,,Clear conditions throughout the day.,obs
Barcelona,1979-07-10,31.6,17,23.8,66,0,0,0,,,,Partly cloudy throughout the day.,obs
Barcelona,1979-07-11,30.1,21,24.8,63.3,0,0,0,,,,Partly cloudy throughout the day.,obs
Barcelona,1979-07-12,27.9,20.1,24.3,72.9,0,0,0,,,,Partly cloudy throughout the day.,obs
Barcelona,1979-07-13,26.7,19,23.1,74,0,0,0,,,,Partly cloudy throughout the day.,obs
Barcelona,1979-07-14,27.1,19.1,22.6,72.2,0,0,0,,,,Partly cloudy throughout the day.,obs
Barcelona,1979-07-15,27.7,17,22.2,70,0,0,0,,,,Clear conditions throughout the day.,obs
Barcelona,1979-07-16,27.7,17.1,23.1,80.1,0,0,0,,,,Partly cloudy throughout the day.,obs
Barcelona,1979-07-17,27.9,20.7,23.9,74.6,0,0,0,,,,Partly cloudy throughout the day.,obs
Barcelona,1979-07-18,30.1,19,24.2,68.6,0,0,0,,,,Clear conditions throughout the day.,obs
Barcelona,1979-07-19,28.9,20,23.9,76,0,0,0,,,,Partly cloudy throughout the day.,obs
Barcelona,1979-07-20,28.9,20,23.6,75.5,0,0,0,,,,Partly cloudy throughout the day.,obs
Barcelona,1979-07-21,27.9,20,23.7,77.1,0,0,0,,,,Partly cloudy throughout the day.,obs
Barcelona,1979-07-22,28,19.1,23.1,78.5,0,0,0,,,,Partly cloudy throughout the day.,obs
Barcelona,1979-07-23,27.6,19.1,22.8,79.5,0,0,0,,,,Partly cloudy throughout the day.,obs
Barcelona,1979-07-24,27.1,20.1,23.3,74.9,0,0,0,,,,Partly cloudy throughout the day.,obs
Barcelona,1979-07-25,27.9,18,23.1,78,0,0,0,,,,Becoming cloudy in the afternoon.,obs
Barcelona,1979-07-26,28.1,19,23.8,74.9,0,0,0,,,,Partly cloudy throughout the day.,obs
Barcelona,1979-07-27,32.4,19,25.3,69.2,0,0,0,,,,Clear conditions throughout the day.,obs
Barcelona,1979-07-28,31.6,19.1,25.4,71.2,0,0,0,,,,Clear conditions throughout the day.,obs
Barcelona,1979-07-29,31.4,19.1,25.8,64.9,0,0,0,,,,Clear conditions throughout the day.,obs
Barcelona,1979-07-30,29.7,20.1,24.7,74.7,0,0,0,,,,Partly cloudy throughout the day.,obs
Barcelona,1979-07-31,29.1,22,25.3,76,0,0,0,,,,Partly cloudy throughout the day.,obs
Barcelona,1979-08-01,29,20.1,25,76,0,0,0,,,,Partly cloudy throughout the day.,obs
Barcelona,1979-08-02,29.1,21.1,25.6,76.2,0,0,0,,,,Partly cloudy throughout the day.,obs
Barcelona,1979-08-03,29.7,22.9,25.7,75.4,0,0,0,,,,Clear conditions throughout the day.,obs
Barcelona,1979-08-04,29.1,21.9,25,71.4,0,0,0,,,,Clear conditions throughout the day.,obs
Barcelona,1979-08-05,28.1,18.1,23.4,73.6,0,0,0,,,,Partly cloudy throughout the day.,obs
Barcelona,1979-08-06,29.2,20,24.6,68.5,0,0,0,,,,Clear conditions throughout the day.,obs
Barcelona,1979-08-07,29.9,20,24.9,67.9,0,0,0,,,,Clear conditions throughout the day.,obs
Barcelona,1979-08-08,27,19.1,23.6,79.3,0,0,0,,,,Partly cloudy throughout the day.,obs
Barcelona,1979-08-09,28,18.1,23.8,69.4,0.175,100,4.17,rain,,,Partly cloudy throughout the day with early morning rain.,obs
Barcelona,1979-08-10,26.9,19.1,23.7,75.7,0,0,0,,,,Clearing in the afternoon.,obs
Barcelona,1979-08-11,28,20.9,23.5,74.4,0,0,0,,,,Partly cloudy throughout the day.,obs
Barcelona,1979-08-12,28,21,23.7,77.8,0,0,0,,,,Partly cloudy throughout the day.,obs
Barcelona,1979-08-13,29,20.1,24.7,77.2,0,0,0,,,,Partly cloudy throughout the day.,obs
Barcelona,1979-08-14,28.9,20,24.5,78.8,0,0,0,,,,Partly cloudy throughout the day.,obs
Barcelona,1979-08-15,28.1,21,24.4,82.6,0,0,0,,,,Partly cloudy throughout the day.,obs
Barcelona,1979-08-16,25.9,17,21.7,68.1,14.175,100,4.17,rain,,,Clearing in the afternoon with early morning rain.,obs
Barcelona,1979-08-17,26.1,17,22.1,64.9,0,0,0,,,,Partly cloudy throughout the day.,obs
Barcelona,1979-08-18,27,17.1,22.2,65.7,0,0,0,,,,Partly cloudy throughout the day.,obs
Barcelona,1979-08-19,28.1,15,21.5,57.9,0,0,0,,,,Partly cloudy throughout the day.,obs
Barcelona,1979-08-20,26.1,19,22.4,61.9,0,0,0,,,,Partly cloudy throughout the day.,obs
Barcelona,1979-08-21,25.1,19,22.4,70.8,0,0,0,,,,Partly cloudy throughout the day.,obs
Barcelona,1979-08-22,27,17.9,22,77.5,0,0,0,,,,Partly cloudy throughout the day.,obs
Barcelona,1979-08-23,26.1,17,21.9,78.4,0,0,0,,,,Becoming cloudy in the afternoon.,obs
Barcelona,1979-08-24,24,16.9,20.3,75.3,0.175,100,4.17,rain,,,Partly cloudy throughout the day with early morning rain.,obs
Barcelona,1979-08-25,24.7,16.1,20.8,69,0,0,0,,,,Partly cloudy throughout the day.,obs
Barcelona,1979-08-26,26,17.9,21.2,75.9,0,0,0,,,,Partly cloudy throughout the day.,obs
Barcelona,1979-08-27,20.2,18.1,19.3,82.1,5.458,100,4.17,rain,,,Partly cloudy throughout the day with afternoon rain.,obs
Barcelona,1979-08-28,24,18,20.7,68.4,0,0,0,,,,Partly cloudy throughout the day.,obs
Barcelona,1979-08-29,25.1,17.1,21.1,66.8,0,0,0,,,,Partly cloudy throughout the day.,obs
Barcelona,1979-08-30,27.1,17.1,21.8,80.4,1.416,100,4.17,rain,,,Clear conditions throughout the day with afternoon rain.,obs
Barcelona,1979-08-31,27.1,17.9,22.4,74.2,0,0,0,,,,Partly cloudy throughout the day.,obs
Barcelona,1979-09-01,26.1,17.1,21.6,76.6,0,0,0,,,,Partly cloudy throughout the day.,obs
Barcelona,1979-09-02,26.1,16,20.6,79.4,0,0,0,,,,Partly cloudy throughout the day.,obs
Barcelona,1979-09-03,26.1,16,21.1,78.5,0,0,0,,,,Partly cloudy throughout the day.,obs
Barcelona,1979-09-04,24.9,19,21.6,81.1,0,0,0,,,,Partly cloudy throughout the day.,obs
Barcelona,1979-09-05,26.1,16.1,21.3,79.5,0,0,0,,,,Partly cloudy throughout the day.,obs
Barcelona,1979-09-06,24.1,19,21,80.1,0,0,0,,,,Partly cloudy throughout the day.,obs
Barcelona,1979-09-07,24.1,18.9,21.2,82.6,0,0,0,,,,Partly cloudy throughout the day.,obs
Barcelona,1979-09-08,26.1,16.1,22.1,80.2,0,0,0,,,,Partly cloudy throughout the day.,obs
Barcelona,1979-09-09,26.4,17,21.6,78.9,0,0,0,,,,Partly cloudy throughout the day.,obs
Barcelona,1979-09-10,25.1,17.1,21.7,85.3,0,0,0,,,,Partly cloudy throughout the day.,obs
Barcelona,1979-09-11,24.1,20,21.1,80.8,4.854,100,4.17,rain,,,Partly cloudy throughout the day with early morning rain.,obs
Barcelona,1979-09-12,25,17,20.4,79.5,0,0,0,,,,Partly cloudy throughout the day.,obs
Barcelona,1979-09-13,25,16.1,20.5,80.8,0,0,0,,,,Partly cloudy throughout the day.,obs
Barcelona,1979-09-14,27,17.1,22.3,76.2,0,0,0,,,,Partly cloudy throughout the day.,obs
Barcelona,1979-09-15,26.1,17.1,21.9,80.1,0,0,0,,,,Clear conditions throughout the day.,obs
Barcelona,1979-09-16,26.1,16.1,21.8,77.1,0,0,0,,,,Partly cloudy throughout the day.,obs
Barcelona,1979-09-17,26.1,18.1,22.3,81.5,0,0,0,,,,Partly cloudy throughout the day.,obs
Barcelona,1979-09-18,27,18,22.5,82.3,0.029,100,4.17,rain,,,Partly cloudy throughout the day with early morning rain.,obs
Barcelona,1979-09-19,26,17.1,21.4,84.4,0,0,0,,,,Partly cloudy throughout the day.,obs
Barcelona,1979-09-20,24,18.1,20.9,84.7,0.971,100,4.17,rain,,,Cloudy skies throughout the day with early morning rain.,obs
Barcelona,1979-09-21,24.1,16,19.7,80.1,28.285,100,4.17,rain,,,Partly cloudy throughout the day with early morning rain.,obs
Barcelona,1979-09-22,18,10.1,14.8,76.2,2.175,100,4.17,rain,,,Partly cloudy throughout the day with early morning rain.,obs
Barcelona,1979-09-23,22.9,9.1,15.5,63.1,4.854,100,4.17,rain,,,Partly cloudy throughout the day with early morning rain.,obs
Barcelona,1979-09-24,21.1,7.1,15.9,59.3,0,0,0,,,,Partly cloudy throughout the day.,obs
Barcelona,1979-09-25,22.1,12.9,18,71.7,0,0,0,,,,Partly cloudy throughout the day.,obs
Barcelona,1979-09-26,23,15,18.4,73.6,0,0,0,,,,Partly cloudy throughout the day.,obs
Barcelona,1979-09-27,23.1,8.1,17.9,74.2,0,0,0,,,,Partly cloudy throughout the day.,obs
Barcelona,1979-09-28,24.1,12.9,18.2,76.4,0,0,0,,,,Clear conditions throughout the day.,obs
Barcelona,1979-09-29,23.4,13,18.1,79.3,0,0,0,,,,Partly cloudy throughout the day.,obs
Barcelona,1979-09-30,24.1,14,18.5,73.5,0,0,0,,,,Clear conditions throughout the day.,obs
Barcelona,1979-10-01,24.1,13.1,19.1,81.5,0,0,0,,,,Partly cloudy throughout the day.,obs
Barcelona,1979-10-02,24.9,15.9,19.9,82.5,0,0,0,,,,Partly cloudy throughout the day.,obs
Barcelona,1979-10-03,24.1,15.1,19.3,84.5,0,0,0,,,,Partly cloudy throughout the day.,obs
Barcelona,1979-10-04,24.1,14.1,19.1,85.7,0,0,0,,,,Partly cloudy throughout the day.,obs
Barcelona,1979-10-05,23.6,12.1,17.2,78,58.398,100,4.17,rain,,,Partly cloudy throughout the day with early morning rain.,obs
Barcelona,1979-10-06,24,12.9,19,78.9,0,0,0,,,,Partly cloudy throughout the day.,obs
Barcelona,1979-10-07,25.9,17.1,21,78.2,0,0,0,,,,Partly cloudy throughout the day.,obs
Barcelona,1979-10-08,25,16.1,20.5,82.5,0,0,0,,,,Partly cloudy throughout the day.,obs
Barcelona,1979-10-09,24.9,19.1,21.2,83.8,0,0,0,,,,Cloudy skies throughout the day.,obs
Barcelona,1979-10-10,23.9,18,19.8,84.5,0.251,100,4.17,rain,,,Partly cloudy throughout the day with early morning rain.,obs
Barcelona,1979-10-11,21.1,14,17.5,78.3,0.029,100,4.17,rain,,,Partly cloudy throughout the day with early morning rain.,obs
Barcelona,1979-10-12,20,14.1,16.5,82.8,0.262,100,4.17,rain,,,Partly cloudy throughout the day with afternoon rain.,obs
Barcelona,1979-10-13,21.1,12.1,18.6,69.9,0,0,0,,,,Partly cloudy throughout the day.,obs
Barcelona,1979-10-14,19.9,13.1,16.1,84.1,2.913,100,4.17,rain,,,Partly cloudy throughout the day with afternoon rain.,obs
Barcelona,1979-10-15,18.1,11,14.2,86.8,1.262,100,8.33,rain,,,Partly cloudy throughout the day with rain.,obs
Barcelona,1979-10-16,17.1,12,14.2,84.8,0,0,0,,,,Partly cloudy throughout the day.,obs
Barcelona,1979-10-17,20.1,11,15.2,82.1,9.709,100,4.17,rain,,,Partly cloudy throughout the day with early morning rain.,obs
Barcelona,1979-10-18,21.1,10.9,15.2,78,0,0,0,,,,Clear conditions throughout the day.,obs
Barcelona,1979-10-19,22,11.1,15.8,75.6,0,0,0,,,,Clear conditions throughout the day.,obs
Barcelona,1979-10-20,21,11,15.4,88.1,0.971,100,4.17,rain,,,Partly cloudy throughout the day with afternoon rain.,obs
Barcelona,1979-10-21,22,14,17.8,87.4,0,0,0,,,,Partly cloudy throughout the day.,obs
Barcelona,1979-10-22,20.1,15,17.5,87,0,0,0,,,,Partly cloudy throughout the day.,obs
Barcelona,1979-10-23,21,15,17.6,83,0,0,0,,,,Partly cloudy throughout the day.,obs
Barcelona,1979-10-24,21,14,17.3,86.5,0.838,100,4.17,rain,,,Partly cloudy throughout the day with early morning rain.,obs
Barcelona,1979-10-25,17.1,13.9,15,94.5,5.606,100,4.17,rain,,,Partly cloudy throughout the day with afternoon rain.,obs
Barcelona,1979-10-26,15.1,11.1,13.6,76.1,2.695,100,4.17,rain,,,Partly cloudy throughout the day with early morning rain.,obs
Barcelona,1979-10-27,13.1,9.2,10.7,92.3,67.522,100,8.33,rain,,,Partly cloudy throughout the day with rain.,obs
Barcelona,1979-10-28,16.9,10,12.3,80.4,9.883,100,8.33,rain,,,Partly cloudy throughout the day with rain.,obs
Barcelona,1979-10-29,18,7.1,12.5,75.6,0.014,100,4.17,rain,,,Partly cloudy throughout the day with early morning rain.,obs
Barcelona,1979-10-30,18.1,5.1,12.4,68.6,0,0,0,,,,Clear conditions throughout the day.,obs
Barcelona,1979-10-31,18,2.1,12,70.1,0,0,0,,,,Partly cloudy throughout the day.,obs
Barcelona,1979-11-01,19.9,6.1,13.4,78.7,0,0,0,,,,Partly cloudy throughout the day.,obs
Barcelona,1979-11-02,21,11,15.2,81,0,0,0,,,,Partly cloudy throughout the day.,obs
Barcelona,1979-11-03,19.1,8.9,14,76.9,0,0,0,,,,Partly cloudy throughout the day.,obs
Barcelona,1979-11-04,19,7,13,73.8,0,0,0,,,,Partly cloudy throughout the day.,obs
Barcelona,1979-11-05,19.1,8.9,13.1,76.7,0,0,0,,,,Partly cloudy throughout the day.,obs
Barcelona,1979-11-06,19.9,9,14.1,74.8,0,0,0,,,,Partly cloudy throughout the day.,obs
Barcelona,1979-11-07,19,10,13.6,73.7,0,0,0,,,,Partly cloudy throughout the day.,obs
Barcelona,1979-11-08,21.9,7,13.7,78.1,0,0,0,,,,Partly cloudy throughout the day.,obs
Barcelona,1979-11-09,17.1,9,13.5,84.3,0,0,0,,,,Partly cloudy throughout the day.,obs
Barcelona,1979-11-10,17,7,12.1,66.3,9.796,100,4.17,rain,,,Clearing in the afternoon with early morning rain.,obs
Barcelona,1979-11-11,15.1,4,9.4,41.7,0,0,0,,,,Clear conditions throughout the day.,obs
Barcelona,1979-11-12,14.2,3.9,9.5,63.1,0,0,0,,,,Clear conditions throughout the day.,obs
Barcelona,1979-11-13,15.9,6.1,11.1,68,0,0,0,,,,Partly cloudy throughout the day.,obs
Barcelona,1979-11-14,13.1,3.1,9.8,84.3,0,0,0,,,,Partly cloudy throughout the day.,obs
Barcelona,1979-11-15,11.2,6.1,8.8,68.2,0.843,100,4.17,rain,,,Partly cloudy throughout the day with early morning rain.,obs
Barcelona,1979-11-16,12.1,5,7.7,70.6,0,0,0,,,,Partly cloudy throughout the day.,obs
Barcelona,1979-11-17,13,0.1,6.9,76.8,0,0,0,,,,Clear conditions throughout the day.,obs
Barcelona,1979-11-18,16,1.1,9,75,0,0,0,,,,Partly cloudy throughout the day.,obs
Barcelona,1979-11-19,16.1,3.1,10.6,74.8,0,0,0,,,,Partly cloudy throughout the day.,obs
Barcelona,1979-11-20,15.1,5.9,10.1,78.4,0,0,0,,,,Partly cloudy throughout the day.,obs
Barcelona,1979-11-21,14,5.9,9.4,72.3,0,0,0,,,,Partly cloudy throughout the day.,obs
Barcelona,1979-11-22,10.1,4.9,7,73,0,0,0,,,,Partly cloudy throughout the day.,obs
Barcelona,1979-11-23,13.9,3,8,76.1,0,0,0,,,,Clear conditions throughout the day.,obs
Barcelona,1979-11-24,13,0.1,7,80,0,0,0,,,,Partly cloudy throughout the day.,obs
Barcelona,1979-11-25,14.1,3,7.7,72.9,0,0,0,,,,Clear conditions throughout the day.,obs
Barcelona,1979-11-26,15.9,2,7.7,75.7,0,0,0,,,,Clear conditions throughout the day.,obs
Barcelona,1979-11-27,20.4,4.9,11.1,60,0,0,0,,,,Partly cloudy throughout the day.,obs
Barcelona,1979-11-28,18.7,0.1,12,69,0,0,0,,,,Clear conditions throughout the day.,obs
Barcelona,1979-11-29,17.9,-0.9,10.1,80.7,0,0,0,,,,Partly cloudy throughout the day.,obs
Barcelona,1979-11-30,13,5.1,9.4,87.6,0,0,0,,,,Partly cloudy throughout the day.,obs
Barcelona,1979-12-01,19.4,5.8,10.4,77.9,0,0,0,,,,Clear conditions throughout the day.,obs
Barcelona,1979-12-02,18.6,6.9,11.1,76.3,0,0,0,,,,Partly cloudy throughout the day.,obs
Barcelona,1979-12-03,17.1,5.1,10.6,80.3,0,0,0,,,,Clear conditions throughout the day.,obs
Barcelona,1979-12-04,15.1,5.1,10.3,86.8,0,0,0,,,,Partly cloudy throughout the day.,obs
Barcelona,1979-12-05,15,4.9,9.8,83.2,0,0,0,,,,Clear conditions throughout the day.,obs
Barcelona,1979-12-06,16.5,-0.9,9.1,82.4,0,0,0,,,,Clear conditions throughout the day.,obs
Barcelona,1979-12-07,15,3.9,9.2,82.9,0,0,0,,,,Clear conditions throughout the day.,obs
Barcelona,1979-12-08,12.7,4,9.2,77.1,0,0,0,,,,Partly cloudy throughout the day.,obs
Barcelona,1979-12-09,14.1,6.9,10.1,76.4,0,0,0,,,,Partly cloudy throughout the day.,obs
Barcelona,1979-12-10,18,5.9,10.7,73.5,0,0,0,,,,Partly cloudy throughout the day.,obs
Barcelona,1979-12-11,20,8.9,13.8,69.6,0,0,0,,,,Partly cloudy throughout the day.,obs
Barcelona,1979-12-12,17,6.1,11.8,68.4,0,0,0,,,,Partly cloudy throughout the day.,obs
Barcelona,1979-12-13,16.1,3.1,10.6,77.8,0,0,0,,,,Partly cloudy throughout the day.,obs
Barcelona,1979-12-14,17.9,9.9,13,61.5,0,0,0,,,,Partly cloudy throughout the day.,obs
Barcelona,1979-12-15,18,7.9,11.4,63.9,0,0,0,,,,Partly cloudy throughout the day.,obs
Barcelona,1979-12-16,17,2.1,12.5,56.5,0,0,0,,,,Partly cloudy throughout the day.,obs
Barcelona,1979-12-17,18.1,4.1,13.2,69.4,0,0,0,,,,Clear conditions throughout the day.,obs
Barcelona,1979-12-18,14,6.1,10.4,82,0,0,0,,,,Partly cloudy throughout the day.,obs
Barcelona,1979-12-19,15.9,3.3,8.4,68.7,0,0,0,,,,Partly cloudy throughout the day.,obs
Barcelona,1979-12-20,9,0.9,4.8,63.1,0,0,0,,,,Partly cloudy throughout the day.,obs
Barcelona,1979-12-21,7.6,1,3.5,61.6,0,0,0,,,,Partly cloudy throughout the day.,obs
Barcelona,1979-12-22,7.1,1.1,3.9,72.9,12.664,100,8.33,rain,,,Partly cloudy throughout the day with rain.,obs
Barcelona,1979-12-23,9,-1.9,3.6,69.9,0.019,100,4.17,"rain,snow",,,Partly cloudy throughout the day with early morning snow or rain.,obs
Barcelona,1979-12-24,11.1,-1.9,6.7,67.6,0,0,0,,,,Partly cloudy throughout the day.,obs
Barcelona,1979-12-25,11.9,5.1,9.1,79.8,0,0,0,,,,Partly cloudy throughout the day.,obs
Barcelona,1979-12-26,14,5,9.3,82.2,9.217,100,4.17,rain,,,Partly cloudy throughout the day with early morning rain.,obs
Barcelona,1979-12-27,12,-1.9,6.4,77,0,0,0,,,,Partly cloudy throughout the day.,obs
Barcelona,1979-12-28,14,5.1,9,66.6,0,0,0,,,,Partly cloudy throughout the day.,obs
Barcelona,1979-12-29,15,3,8.5,73,0,0,0,,,,Partly cloudy throughout the day.,obs
Barcelona,1979-12-30,13.1,5.9,9.3,67.6,0,0,0,,,,Partly cloudy throughout the day.,obs
Barcelona,1979-12-31,15.7,8.1,11.7,49.6,0,0,0,,,,Partly cloudy throughout the day.,obs
Barcelona,1980-01-01,14.9,6.8,9.6,74,0,0,0,,,,Partly cloudy throughout the day.,obs
Barcelona,1980-01-02,13.9,7.9,10.5,67.3,0,0,0,,,,Partly cloudy throughout the day.,obs
Barcelona,1980-01-03,13.9,-1.9,7.9,75.3,0,0,0,,,,Partly cloudy throughout the day.,obs
Barcelona,1980-01-04,13.9,-2.9,6.9,73.4,0,0,0,,,,Partly cloudy throughout the day.,obs
Barcelona,1980-01-05,12.1,3.9,7.2,77.3,0,0,0,,,,Partly cloudy throughout the day.,obs
Barcelona,1980-01-06,12,-1.9,6.9,72.6,0,0,0,,,,Partly cloudy throughout the day.,obs
Barcelona,1980-01-07,12,2,6.4,73.4,0,0,0,,,,Partly cloudy throughout the day.,obs
Barcelona,1980-01-08,11,1.9,6.6,82.7,0,0,0,,,,Partly cloudy throughout the day.,obs
Barcelona,1980-01-09,13,4.1,8,80.6,0,0,0,,,,Partly cloudy throughout the day.,obs
Barcelona,1980-01-10,7.9,2.1,5.9,86.5,7.439,100,4.17,rain,,,Partly cloudy throughout the day with afternoon rain.,obs
Barcelona,1980-01-11,12,2.1,7.3,78,0,0,0,,,,Partly cloudy throughout the day.,obs
Barcelona,1980-01-12,8.8,-0.9,3.9,71,0,0,0,,,,Partly cloudy throughout the day.,obs
Barcelona,1980-01-13,8,-1,3.1,70.1,0,0,0,,,,Partly cloudy throughout the day.,obs
Barcelona,1980-01-14,9.9,4.1,6.8,74.9,0.024,100,4.17,rain,,,Partly cloudy throughout the day with afternoon rain.,obs
Barcelona,1980-01-15,10,4,7.4,67.7,0.087,100,4.17,rain,,,Partly cloudy throughout the day with early morning rain.,obs
Barcelona,1980-01-16,10.2,-0.9,4.9,70.6,0,0,0,,,,Partly cloudy throughout the day.,obs
Barcelona,1980-01-17,7.9,2.1,5.4,78.8,0,0,0,,,,Partly cloudy throughout the day.,obs
Barcelona,1980-01-18,9,3.1,5.2,82.1,0.363,100,8.33,rain,,,Partly cloudy throughout the day with rain.,obs
Barcelona,1980-01-19,10.1,2.1,5.5,73.1,0,0,0,,,,Partly cloudy throughout the day.,obs
Barcelona,1980-01-20,13,1.9,6.8,67.9,0,0,0,,,,Partly cloudy throughout the day.,obs
Barcelona,1980-01-21,13,1.9,7.6,75,0,0,0,,,,Partly cloudy throughout the day.,obs
Barcelona,1980-01-22,16.9,7.9,11.5,67,0,0,0,,,,Partly cloudy throughout the day.,obs
Barcelona,1980-01-23,16.1,5,11.3,71.8,0,0,0,,,,Partly cloudy throughout the day.,obs
Barcelona,1980-01-24,17.1,10.1,12.8,71.3,0,0,0,,,,Partly cloudy throughout the day.,obs
Barcelona,1980-01-25,18.9,9,12.8,73.9,0,0,0,,,,Partly cloudy throughout the day.,obs
Barcelona,1980-01-26,17.5,6.9,10.4,85.2,0,0,0,,,,Partly cloudy throughout the day.,obs
Barcelona,1980-01-27,13.1,9.1,10.8,82.5,0,0,0,,,,Partly cloudy throughout the day.,obs
Barcelona,1980-01-28,14.1,6,8.8,80.9,0,0,0,,,,Partly cloudy throughout the day.,obs
Barcelona,1980-01-29,14.7,1.1,9,81.4,0,0,0,,,,Partly cloudy throughout the day.,obs
Barcelona,1980-01-30,13.1,4,8.5,87.1,0,0,0,,,,Partly cloudy throughout the day.,obs
Barcelona,1980-01-31,13.6,9.1,11.1,86,0,0,0,,,,Partly cloudy throughout the day.,obs
Barcelona,1980-02-01,16,8.9,11.9,66.9,0,0,0,,,,Clear conditions throughout the day.,obs
Barcelona,1980-02-02,15.1,5.1,9.8,71,0,0,0,,,,Partly cloudy throughout the day.,obs
Barcelona,1980-02-03,16,3.1,10.3,70,0,0,0,,,,Partly cloudy throughout the day.,obs
Barcelona,1980-02-04,22,6,13.1,68.6,0,0,0,,,,Partly cloudy throughout the day.,obs
Barcelona,1980-02-05,19.7,3.1,12.8,76.5,0,0,0,,,,Partly cloudy throughout the day.,obs
Barcelona,1980-02-06,15.1,6.1,10.7,90.8,0,0,0,,,,Partly cloudy throughout the day.,obs
Barcelona,1980-02-07,15,7.1,11.3,81.5,0,0,0,,,,Partly cloudy throughout the day.,obs
Barcelona,1980-02-08,14.1,4.9,9.8,85.6,0,0,0,,,,Partly cloudy throughout the day.,obs
Barcelona,1980-02-09,13.1,9.9,11.7,83.3,0,0,0,,,,Partly cloudy throughout the day.,obs
Barcelona,1980-02-10,12,9,10.5,88.7,3.172,100,4.17,rain,,,Partly cloudy throughout the day with afternoon rain.,obs
Barcelona,1980-02-11,15.9,4.9,9.5,73.6,0,0,0,,,,Clear conditions throughout the day.,obs
Barcelona,1980-02-12,15.6,2.9,9,67.2,0,0,0,,,,Clear conditions throughout the day.,obs
Barcelona,1980-02-13,14.1,3.9,8.1,78,0,0,0,,,,Partly cloudy throughout the day.,obs
Barcelona,1980-02-14,14.1,4.8,9.5,81,0,0,0,,,,Partly cloudy throughout the day.,obs
Barcelona,1980-02-15,14.1,5.9,9,86.1,0.472,100,4.17,rain,,,Partly cloudy throughout the day with late afternoon rain.,obs
Barcelona,1980-02-16,14.1,5.1,9.1,89.3,0,0,0,,,,Partly cloudy throughout the day.,obs
Barcelona,1980-02-17,18,3,9.7,77,0,0,0,,,,Clear conditions throughout the day.,obs
Barcelona,1980-02-18,14.1,-0.9,9,76.7,0,0,0,,,,Partly cloudy throughout the day.,obs
Barcelona,1980-02-19,14,5.1,9.5,83.4,0,0,0,,,,Partly cloudy throughout the day.,obs
Barcelona,1980-02-20,11.9,8,10.1,93.2,5.222,100,8.33,rain,,,Partly cloudy throughout the day with rain.,obs
Barcelona,1980-02-21,12.1,9.1,10.4,85.9,1.023,100,8.33,rain,,,Cloudy skies throughout the day with rain.,obs
Barcelona,1980-02-22,17.9,9.4,12.2,90.8,2.533,100,8.33,rain,,,Cloudy skies throughout the day with rain.,obs
Barcelona,1980-02-23,16,2.8,10.6,87.5,0,0,0,,,,Partly cloudy throughout the day.,obs
Barcelona,1980-02-24,15,10.1,12.5,90.9,0,0,0,,,,Partly cloudy throughout the day.,obs
Barcelona,1980-02-25,14,10.1,12,87.8,0.058,100,4.17,rain,,,Partly cloudy throughout the day with early morning rain.,obs
Barcelona,1980-02-26,14,8,11.2,86.3,0,0,0,,,,Partly cloudy throughout the day.,obs
Barcelona,1980-02-27,16,4.9,9.6,78.1,0,0,0,,,,Clear conditions throughout the day.,obs
Barcelona,1980-02-28,14.1,4.9,9.6,75.7,0,0,0,,,,Clear conditions throughout the day.,obs
Barcelona,1980-02-29,15.7,3.9,9.4,74.5,0,0,0,,,,Clear conditions throughout the day.,obs
Barcelona,1980-03-01,15,2.9,9,78.9,0,0,0,,,,Clear conditions throughout the day.,obs
Barcelona,1980-03-02,15.9,4.9,10.2,82.6,0,0,0,,,,Partly cloudy throughout the day.,obs
Barcelona,1980-03-03,15,6,9.8,88.8,0,0,0,,,,Partly cloudy throughout the day.,obs
Barcelona,1980-03-04,12.1,7.1,9.5,89.9,0,0,0,,,,Partly cloudy throughout the day.,obs
Barcelona,1980-03-05,15,6.1,10.8,74,0,0,0,,,,Partly cloudy throughout the day.,obs
Barcelona,1980-03-06,14.2,5.9,10.2,79.3,0,0,0,,,,Partly cloudy throughout the day.,obs
Barcelona,1980-03-07,19.8,9.9,14.4,67,0,0,0,,,,Partly cloudy throughout the day.,obs
Barcelona,1980-03-08,17,8.8,12.5,57.2,0,0,0,,,,Partly cloudy throughout the day.,obs
Barcelona,1980-03-09,16.2,7.8,11.4,68.5,0,0,0,,,,Partly cloudy throughout the day.,obs
Barcelona,1980-03-10,15.6,6.9,10.6,76.6,0,0,0,,,,Partly cloudy throughout the day.,obs
Barcelona,1980-03-11,14,6,9.8,79.1,0,0,0,,,,Partly cloudy throughout the day.,obs
Barcelona,1980-03-12,14.1,4.9,10.9,74.4,0,0,0,,,,Partly cloudy throughout the day.,obs
Barcelona,1980-03-13,13.9,5.1,10.5,81.9,0,0,0,,,,Partly cloudy throughout the day.,obs
Barcelona,1980-03-14,13,3.1,7.1,61.4,0.033,100,4.17,rain,,,Partly cloudy throughout the day with early morning rain.,obs
Barcelona,1980-03-15,13,-0.9,6.9,59.9,0,0,0,,,,Partly cloudy throughout the day.,obs
Barcelona,1980-03-16,14,2.9,8.2,71.6,0,0,0,,,,Partly cloudy throughout the day.,obs
Barcelona,1980-03-17,14,8.2,10.8,78,0,0,0,,,,Partly cloudy throughout the day.,obs
Barcelona,1980-03-18,18,7,11.7,79.3,0,0,0,,,,Partly cloudy throughout the day.,obs
Barcelona,1980-03-19,16,7,11,82.7,0,0,0,,,,Partly cloudy throughout the day.,obs
Barcelona,1980-03-20,15.1,8,11.6,66.5,3.167,100,4.17,rain,,,Partly cloudy throughout the day with early morning rain.,obs
Barcelona,1980-03-21,15.1,6.8,10.7,69.9,0,0,0,,,,Partly cloudy throughout the day.,obs
Barcelona,1980-03-22,13.9,8.1,10.3,80.3,7.496,100,8.33,rain,,,Partly cloudy throughout the day with rain.,obs
Barcelona,1980-03-23,16.1,4.1,9.5,74,0,0,0,,,,Partly cloudy throughout the day.,obs
Barcelona,1980-03-24,15.7,3.9,10.1,70.8,0,0,0,,,,Clear conditions throughout the day.,obs
Barcelona,1980-03-25,18.8,8,13.3,68.3,0,0,0,,,,Partly cloudy throughout the day.,obs
Barcelona,1980-03-26,18.6,5.7,12.7,76.6,0,0,0,,,,Partly cloudy throughout the day.,obs
Barcelona,1980-03-27,23.4,10.2,16,71.7,0,0,0,,,,Partly cloudy throughout the day.,obs
Barcelona,1980-03-28,23,12,17.2,66.2,0,0,0,,,,Partly cloudy throughout the day.,obs
Barcelona,1980-03-29,17.1,10.9,13.7,82.2,0,0,0,,,,Partly cloudy throughout the day.,obs
Barcelona,1980-03-30,17,10.1,13.6,83.2,0,0,0,,,,Partly cloudy throughout the day.,obs
Barcelona,1980-03-31,20.1,8.9,14.1,84.6,0,0,0,,,,Partly cloudy throughout the day.,obs
Barcelona,1980-04-01,18.2,11,13.8,90.8,0,0,0,,,,Partly cloudy throughout the day.,obs
Barcelona,1980-04-02,21.7,10,15.5,78.5,0,0,0,,,,Partly cloudy throughout the day.,obs
Barcelona,1980-04-03,15.1,10.1,12.5,74.5,0,0,0,,,,Partly cloudy throughout the day.,obs
Barcelona,1980-04-04,16.7,4.1,11.7,77.2,0.291,100,4.17,rain,,,Partly cloudy throughout the day with early morning rain.,obs
Barcelona,1980-04-05,15.1,7.9,11.5,68.9,0,0,0,,,,Partly cloudy throughout the day.,obs
Barcelona,1980-04-06,14,5,10.1,73.1,0,0,0,,,,Partly cloudy throughout the day.,obs
Barcelona,1980-04-07,15,7,10.6,71.5,0,0,0,,,,Partly cloudy throughout the day.,obs
Barcelona,1980-04-08,16.1,5.9,10.1,71.6,0,0,0,,,,Partly cloudy throughout the day.,obs
Barcelona,1980-04-09,16,7,11.2,66.8,0,0,0,,,,Partly cloudy throughout the day.,obs
Barcelona,1980-04-10,16,4.9,11.1,71.4,0,0,0,,,,Clear conditions throughout the day.,obs
Barcelona,1980-04-11,16,4.9,10.5,78.1,0,0,0,,,,Partly cloudy throughout the day.,obs
Barcelona,1980-04-12,17,2.1,10.9,80.6,0,0,0,,,,Partly cloudy throughout the day.,obs
Barcelona,1980-04-13,16.1,9.1,12.1,74.8,0,0,0,,,,Partly cloudy throughout the day.,obs
Barcelona,1980-04-14,12.1,8.1,11.5,92.1,6.444,100,4.17,rain,,,Partly cloudy throughout the day with afternoon rain.,obs
Barcelona,1980-04-15,17.9,11.4,14,81,4.874,100,8.33,rain,,,Partly cloudy throughout the day with rain.,obs
Barcelona,1980-04-16,14.9,9.1,11.8,80.2,1.699,100,4.17,rain,,,Partly cloudy throughout the day with afternoon rain.,obs
Barcelona,1980-04-17,16.9,8.1,12.6,79.4,0,0,0,,,,Partly cloudy throughout the day.,obs
Barcelona,1980-04-18,17.1,4.1,12,78.6,0,0,0,,,,Partly cloudy throughout the day.,obs
Barcelona,1980-04-19,20.9,10.9,15.4,70.4,0,0,0,,,,Partly cloudy throughout the day.,obs
Barcelona,1980-04-20,19,10.9,14.3,75.5,0,0,0,,,,Partly cloudy throughout the day.,obs
Barcelona,1980-04-21,16.1,6.1,11.6,70.9,0,0,0,,,,Partly cloudy throughout the day.,obs
Barcelona,1980-04-22,16,4.1,11.8,66.9,0,0,0,,,,Partly cloudy throughout the day.,obs
Barcelona,1980-04-23,16.9,7,11.4,74.6,0,0,0,,,,Partly cloudy throughout the day.,obs
Barcelona,1980-04-24,16,6.9,11.6,76.5,0,0,0,,,,Partly cloudy throughout the day.,obs
Barcelona,1980-04-25,17.1,6.9,11.7,77.1,0,0,0,,,,Partly cloudy throughout the day.,obs
Barcelona,1980-04-26,16.1,7,12,81.4,0,0,0,,,,Becoming cloudy in the afternoon.,obs
Barcelona,1980-04-27,18.9,9,13.8,80.1,0,0,0,,,,Partly cloudy throughout the day.,obs
Barcelona,1980-04-28,18,9.1,12.5,80.5,0,0,0,,,,Partly cloudy throughout the day.,obs
Barcelona,1980-04-29,15.2,10.9,12.2,82.2,0,0,0,,,,Partly cloudy throughout the day.,obs
Barcelona,1980-04-30,14,11.1,12.3,80.1,0.005,100,4.17,rain,,,Partly cloudy throughout the day with afternoon rain.,obs
Barcelona,1980-05-01,17.7,10.9,13.9,70.5,0,0,0,,,,Partly cloudy throughout the day.,obs
Barcelona,1980-05-02,19.1,9,14.9,70.6,0,0,0,,,,Partly cloudy throughout the day.,obs
Barcelona,1980-05-03,18.9,9.9,13.9,71.1,0,0,0,,,,Partly cloudy throughout the day.,obs
Barcelona,1980-05-04,17.9,10.1,13.7,84.1,0,0,0,,,,Partly cloudy throughout the day.,obs
Barcelona,1980-05-05,19.6,10,14.1,78.1,1.942,100,4.17,rain,,,Becoming cloudy in the afternoon with early morning rain.,obs
Barcelona,1980-05-06,21,12.1,15.1,85.1,0,0,0,,,,Partly cloudy throughout the day.,obs
Barcelona,1980-05-07,19.7,9,14.5,76,0,0,0,,,,Partly cloudy throughout the day.,obs
Barcelona,1980-05-08,22,12.1,16.7,66.9,0,0,0,,,,Partly cloudy throughout the day.,obs
Barcelona,1980-05-09,19,11,14.8,75.3,0,0,0,,,,Partly cloudy throughout the day.,obs
Barcelona,1980-05-10,19,10,14.7,82.4,0,0,0,,,,Partly cloudy throughout the day.,obs
Barcelona,1980-05-11,18.1,12.9,15.2,87.1,0,0,0,,,,Partly cloudy throughout the day.,obs
Barcelona,1980-05-12,17.1,12.1,14.3,87.4,0,0,0,,,,Partly cloudy throughout the day.,obs
Barcelona,1980-05-13,17,12.1,14.4,80.6,2.914,100,8.33,rain,,,Partly cloudy throughout the day with rain.,obs
Barcelona,1980-05-14,17,11,14.1,75.5,0,0,0,,,,Becoming cloudy in the afternoon.,obs
Barcelona,1980-05-15,22.2,11,14.9,77.1,0,0,0,,,,Partly cloudy throughout the day.,obs
Barcelona,1980-05-16,20.9,11.9,15.9,74.5,0,0,0,,,,Partly cloudy throughout the day.,obs
Barcelona,1980-05-17,14.1,11,13,90.1,8.027,100,4.17,rain,,,Partly cloudy throughout the day with afternoon rain.,obs
Barcelona,1980-05-18,18.7,9,13.6,76.9,1.942,100,4.17,rain,,,Partly cloudy throughout the day with early morning rain.,obs
Barcelona,1980-05-19,19.9,12,15.5,65.6,0,0,0,,,,Partly cloudy throughout the day.,obs
Barcelona,1980-05-20,21.6,11.2,16.1,74.4,0,0,0,,,,Partly cloudy throughout the day.,obs
Barcelona,1980-05-21,20.9,12,15.9,82.5,0,0,0,,,,Partly cloudy throughout the day.,obs
Barcelona,1980-05-22,17,11.1,13.8,81.7,9.767,100,4.17,rain,,,Partly cloudy throughout the day with early morning rain.,obs
Barcelona,1980-05-23,20.7,10.1,15.1,73.2,0.233,100,4.17,rain,,,Partly cloudy throughout the day with early morning rain.,obs
Barcelona,1980-05-24,22,13,16.6,78.4,0,0,0,,,,Partly cloudy throughout the day.,obs
Barcelona,1980-05-25,18.1,12.9,15.6,82.2,0,0,0,,,,Partly cloudy throughout the day.,obs
Barcelona,1980-05-26,18.1,14,16,83.9,0,0,0,,,,Cloudy skies throughout the day.,obs
Barcelona,1980-05-27,15.1,13,13.7,87.9,9.851,100,4.17,rain,,,Cloudy skies throughout the day with afternoon rain.,obs
Barcelona,1980-05-28,19.6,10.1,14.2,79.5,0,0,0,,,,Partly cloudy throughout the day.,obs
Barcelona,1980-05-29,21.4,12,15.4,76.4,0,0,0,,,,Partly cloudy throughout the day.,obs
Barcelona,1980-05-30,19,11,15.5,70.7,0,0,0,,,,Partly cloudy throughout the day.,obs
Barcelona,1980-05-31,23,9.1,16.8,77.3,0,0,0,,,,Partly cloudy throughout the day.,obs
Barcelona,1980-06-01,20.7,15,17.9,70.8,0,0,0,,,,Partly cloudy throughout the day.,obs
Barcelona,1980-06-02,22.1,12,17.5,73.3,0,0,0,,,,Partly cloudy throughout the day.,obs
Barcelona,1980-06-03,24.1,13.1,18.9,73,0,0,0,,,,Clear conditions throughout the day.,obs
Barcelona,1980-06-04,23.8,14.9,19.6,71.3,0,0,0,,,,Clear conditions throughout the day.,obs
Barcelona,1980-06-05,24.1,14.1,19.4,80.9,0,0,0,,,,Clear conditions throughout the day.,obs
Barcelona,1980-06-06,22.7,15,19.2,83.8,0,0,0,,,,Partly cloudy throughout the day.,obs
Barcelona,1980-06-07,24,16.1,19.5,80.8,0.641,100,4.17,rain,,,Partly cloudy throughout the day with early morning rain.,obs
Barcelona,1980-06-08,18,15.1,16.1,90,5.865,100,4.17,rain,,,Cloudy skies throughout the day with afternoon rain.,obs
Barcelona,1980-06-09,20.1,15,17.3,82.5,2.029,100,4.17,rain,,,Partly cloudy throughout the day with early morning rain.,obs
Barcelona,1980-06-10,21.1,16,17.8,79.9,0,0,0,,,,Partly cloudy throughout the day.,obs
Barcelona,1980-06-11,22.1,12,18.7,80,0,0,0,,,,Partly cloudy throughout the day.,obs
Barcelona,1980-06-12,27.8,16,19.3,81,0.251,100,4.17,rain,,,Partly cloudy throughout the day with afternoon rain.,obs
Barcelona,1980-06-13,22.1,17,19.2,75.8,0,0,0,,,,Partly cloudy throughout the day.,obs
Barcelona,1980-06-14,24.7,17.1,20,74.6,0,0,0,,,,Partly cloudy throughout the day.,obs
Barcelona,1980-06-15,25.7,16.9,20.6,64.3,0,0,0,,,,Clear conditions throughout the day.,obs
Barcelona,1980-06-16,26.6,16.9,21.4,61,0,0,0,,,,Partly cloudy throughout the day.,obs
Barcelona,1980-06-17,22.1,17.9,20.1,78.3,0,0,0,,,,Partly cloudy throughout the day.,obs
Barcelona,1980-06-18,22.1,14.1,18.6,83.6,0,0,0,,,,Partly cloudy throughout the day.,obs
Barcelona,1980-06-19,23.1,14.1,19.4,84,0,0,0,,,,Partly cloudy throughout the day.,obs
Barcelona,1980-06-20,22.9,17.1,19.5,79.6,0,0,0,,,,Cloudy skies throughout the day.,obs
Barcelona,1980-06-21,19,15.1,17.5,87.1,0,0,0,,,,Cloudy skies throughout the day.,obs
Barcelona,1980-06-22,20.1,15,17.9,90.4,1.467,100,4.17,rain,,,Cloudy skies throughout the day with afternoon rain.,obs
Barcelona,1980-06-23,19.1,15,17.2,88.7,22.981,100,8.33,rain,,,Partly cloudy throughout the day with rain.,obs
Barcelona,1980-06-24,23.1,12,17.9,78.8,0,0,0,,,,Clearing in the afternoon.,obs
Barcelona,1980-06-25,20.9,15.1,18.8,77.3,0,0,0,,,,Partly cloudy throughout the day.,obs
Barcelona,1980-06-26,22.9,16,18.7,78.9,0,0,0,,,,Partly cloudy throughout the day.,obs
Barcelona,1980-06-27,21.1,14.1,18.2,71.5,0,0,0,,,,Partly cloudy throughout the day.,obs
Barcelona,1980-06-28,21.2,15.1,18.1,71.6,0,0,0,,,,Partly cloudy throughout the day.,obs
Barcelona,1980-06-29,24,14.9,19.4,80.1,0,0,0,,,,Partly cloudy throughout the day.,obs
Barcelona,1980-06-30,22,15.4,18.6,80,0,0,0,,,,Partly cloudy throughout the day.,obs
Barcelona,1980-07-01,23.9,15,19.5,75.6,0,0,0,,,,Partly cloudy throughout the day.,obs
Barcelona,1980-07-02,20.1,16,18.4,82.4,0,0,0,,,,Partly cloudy throughout the day.,obs
Barcelona,1980-07-03,22.9,16.1,19.1,76.2,0,0,0,,,,Clearing in the afternoon.,obs
Barcelona,1980-07-04,24.1,16,19.7,82.6,0,0,0,,,,Partly cloudy throughout the day.,obs
Barcelona,1980-07-05,24.6,17,20,82.3,0,0,0,,,,Partly cloudy throughout the day.,obs
Barcelona,1980-07-06,26.1,17.1,21.3,74.7,0,0,0,,,,Partly cloudy throughout the day.,obs
Barcelona,1980-07-07,25.1,17,21.6,80.6,0,0,0,,,,Partly cloudy throughout the day.,obs
Barcelona,1980-07-08,27.1,17,21.1,85.8,0,0,0,,,,Partly cloudy throughout the day.,obs
Barcelona,1980-07-09,22,15.2,18.4,76.2,1.942,100,4.17,rain,,,Partly cloudy throughout the day with early morning rain.,obs
Barcelona,1980-07-10,22.1,12.5,17.5,72.6,0,0,0,,,,Partly cloudy throughout the day.,obs
Barcelona,1980-07-11,22,15,19.5,72.8,0,0,0,,,,Partly cloudy throughout the day.,obs
Barcelona,1980-07-12,23.1,15,19.6,71.1,0,0,0,,,,Partly cloudy throughout the day.,obs
Barcelona,1980-07-13,24,15.9,20,72.5,0,0,0,,,,Partly cloudy throughout the day.,obs
Barcelona,1980-07-14,24.6,15,20.5,75.9,0,0,0,,,,Partly cloudy throughout the day.,obs
Barcelona,1980-07-15,25.1,17.1,21.3,73.4,0,0,0,,,,Partly cloudy throughout the day.,obs
Barcelona,1980-07-16,22,17,20,84.2,0.251,100,4.17,rain,,,Partly cloudy throughout the day with early morning rain.,obs
Barcelona,1980-07-17,23.1,14.9,19.2,75.4,0,0,0,,,,Partly cloudy throughout the day.,obs
Barcelona,1980-07-18,24.7,13.1,20.5,76.5,0,0,0,,,,Partly cloudy throughout the day.,obs
Barcelona,1980-07-19,25.1,16,20.7,77.7,0,0,0,,,,Clear conditions throughout the day.,obs
Barcelona,1980-07-20,25.6,16.1,20.8,76.8,0,0,0,,,,Partly cloudy throughout the day.,obs
Barcelona,1980-07-21,24.1,17,20.6,71.1,0,0,0,,,,Partly cloudy throughout the day.,obs
Barcelona,1980-07-22,25.1,13.1,20.6,79.1,0,0,0,,,,Partly cloudy throughout the day.,obs
Barcelona,1980-07-23,25.1,19,21.8,75.3,0,0,0,,,0,Clear conditions throughout the day.,obs
Barcelona,1980-07-24,31.1,18,24.9,70.7,0,0,0,,,,Clear conditions throughout the day.,obs
Barcelona,1980-07-25,29.6,19.1,24.6,64.8,0,0,0,,,,Clear conditions throughout the day.,obs
Barcelona,1980-07-26,26,18.1,21.9,80.3,0,0,0,,,,Partly cloudy throughout the day.,obs
Barcelona,1980-07-27,26.1,18,22.4,69.4,0,0,0,,,,Partly cloudy throughout the day.,obs
Barcelona,1980-07-28,27.1,16.1,23.1,78,0,0,0,,,,Clear conditions throughout the day.,obs
Barcelona,1980-07-29,27.1,18,22.6,80.1,0,0,0,,,,Partly cloudy throughout the day.,obs
Barcelona,1980-07-30,26.9,19,23.4,77.3,0,0,0,,,,Partly cloudy throughout the day.,obs
Barcelona,1980-07-31,27.7,18,23,71.2,0,0,0,,,,Clear conditions throughout the day.,obs
Barcelona,1980-08-01,30.1,20,24.4,73.7,0,0,0,,,,Partly cloudy throughout the day.,obs
Barcelona,1980-08-02,30.1,20.1,25.5,70.8,250.484,100,4.17,rain,,,Partly cloudy throughout the day with morning rain.,obs
Barcelona,1980-08-03,28.7,20.9,24.3,80,0,0,0,,,,Partly cloudy throughout the day.,obs
Barcelona,1980-08-04,29.6,20,24.5,75.4,0,0,0,,,,Clear conditions throughout the day.,obs
Barcelona,1980-08-05,28.2,20,24.5,74.2,0,0,0,,,,Clear conditions throughout the day.,obs
Barcelona,1980-08-06,27.9,20,24.5,75.8,0,0,0,,,,Clear conditions throughout the day.,obs
Barcelona,1980-08-07,28.1,21,25,75.2,0,0,0,,,,Clear conditions throughout the day.,obs
Barcelona,1980-08-08,28,21.4,24.2,81.4,0,0,0,,,,Partly cloudy throughout the day.,obs
Barcelona,1980-08-09,27.2,19,23.3,76.6,0,0,0,,,,Clear conditions throughout the day.,obs
Barcelona,1980-08-10,28.1,19,23.5,79.9,0,0,0,,,,Partly cloudy throughout the day.,obs
Barcelona,1980-08-11,27.1,21,23.9,82.1,0,0,0,,,,Partly cloudy throughout the day.,obs
Barcelona,1980-08-12,26.1,20.1,23.1,84.2,0,0,0,,,,Partly cloudy throughout the day.,obs
Barcelona,1980-08-13,28.1,21.2,24.4,79.1,0,0,0,,,,Clearing in the afternoon.,obs
Barcelona,1980-08-14,28.1,20,24.5,78.3,0,0,0,,,,Partly cloudy throughout the day.,obs
Barcelona,1980-08-15,26.9,20.1,23.1,84.3,16.555,100,4.17,rain,,,Partly cloudy throughout the day with afternoon rain.,obs
Barcelona,1980-08-16,27.9,17.9,22.5,69.1,0,0,0,,,,Partly cloudy throughout the day.,obs
Barcelona,1980-08-17,26.1,12.5,21.9,69.8,0,0,0,,,,Partly cloudy throughout the day.,obs
Barcelona,1980-08-18,27.1,17.9,22.3,74.2,0,0,0,,,,Partly cloudy throughout the day.,obs
Barcelona,1980-08-19,27.1,19,23,75.3,0,0,0,,,,Partly cloudy throughout the day.,obs
Barcelona,1980-08-20,28.9,17,23.3,70.5,0,0,0,,,,Partly cloudy throughout the day.,obs
Barcelona,1980-08-21,29.6,19,23.9,76.6,0,0,0,,,,Partly cloudy throughout the day.,obs
Barcelona,1980-08-22,29.6,19,24,78,0,0,0,,,,Partly cloudy throughout the day.,obs
Barcelona,1980-08-23,26.1,21.9,23.8,77.6,0,0,0,,,,Partly cloudy throughout the day.,obs
Barcelona,1980-08-24,25.1,21,23,77,0,0,0,,,,Partly cloudy throughout the day.,obs
Barcelona,1980-08-25,28.9,20,24.1,78.6,0,0,0,,,,Partly cloudy throughout the day.,obs
Barcelona,1980-08-26,31,21,25.2,75.2,0,0,0,,,,Partly cloudy throughout the day.,obs
Barcelona,1980-08-27,26.1,20.2,23.1,81.1,0,0,0,,,,Partly cloudy throughout the day.,obs
Barcelona,1980-08-28,28,18.9,23,78.5,2.913,100,4.17,rain,,,Partly cloudy throughout the day with early morning rain.,obs
Barcelona,1980-08-29,27.1,19.1,23.6,75.3,0,0,0,,,,Partly cloudy throughout the day.,obs
Barcelona,1980-08-30,27.7,18.1,23.8,81.8,0,0,0,,,,Partly cloudy throughout the day.,obs
Barcelona,1980-08-31,26.1,21.1,22.9,79.7,0,0,0,,,,Partly cloudy throughout the day.,obs
Barcelona,1980-09-01,27,18.9,22.6,79.2,0,0,0,,,,Partly cloudy throughout the day.,obs
Barcelona,1980-09-02,28,18.9,22.5,75.2,0,0,0,,,,Partly cloudy throughout the day.,obs
Barcelona,1980-09-03,28,16,21.7,76.1,0,0,0,,,,Partly cloudy throughout the day.,obs
Barcelona,1980-09-04,26.1,17,22.1,77.4,0,0,0,,,,Partly cloudy throughout the day.,obs
Barcelona,1980-09-05,27,18.1,22.5,77.2,0,0,0,,,,Partly cloudy throughout the day.,obs
Barcelona,1980-09-06,23.1,20,21.8,79.5,0,0,0,,,,Partly cloudy throughout the day.,obs
Barcelona,1980-09-07,26,19,22.1,83.9,0,0,0,,,,Partly cloudy throughout the day.,obs
Barcelona,1980-09-08,26,16.1,22.3,80.4,0,0,0,,,,Partly cloudy throughout the day.,obs
Barcelona,1980-09-09,22.9,19,20.5,89.1,2.918,100,8.33,rain,,,Cloudy skies throughout the day with rain.,obs
Barcelona,1980-09-10,25.9,17.9,20.7,73.3,0,0,0,,,,Partly cloudy throughout the day.,obs
Barcelona,1980-09-11,26.1,13.1,20.3,77.6,0,0,0,,,,Partly cloudy throughout the day.,obs
Barcelona,1980-09-12,28.1,17.9,22.4,77.2,0,0,0,,,,Partly cloudy throughout the day.,obs
Barcelona,1980-09-13,25.1,19,21.7,83.7,0,0,0,,,,Partly cloudy throughout the day.,obs
Barcelona,1980-09-14,25.1,19,22.1,81.1,0,0,0,,,,Partly cloudy throughout the day.,obs
Barcelona,1980-09-15,27.1,20,23.1,81,0,0,0,,,,Partly cloudy throughout the day.,obs
Barcelona,1980-09-16,27,19,22.7,82.3,0,0,0,,,,Partly cloudy throughout the day.,obs
Barcelona,1980-09-17,27.1,19.1,22.4,84.3,1.223,100,4.17,rain,,,Partly cloudy throughout the day with late afternoon rain.,obs
Barcelona,1980-09-18,28,18,22,82.9,0,0,0,,,,Becoming cloudy in the afternoon.,obs
Barcelona,1980-09-19,26,18,22,83.3,0,0,0,,,,Partly cloudy throughout the day.,obs
Barcelona,1980-09-20,28,20.4,23.5,85.4,0,0,0,,,,Partly cloudy throughout the day.,obs
Barcelona,1980-09-21,28,17.1,22.8,76.7,0.576,100,4.17,rain,,,Partly cloudy throughout the day with early morning rain.,obs
Barcelona,1980-09-22,26.9,15.9,21.2,73.9,0,0,0,,,,Partly cloudy throughout the day.,obs
Barcelona,1980-09-23,26,16,21.3,71.7,0,0,0,,,,Clear conditions throughout the day.,obs
Barcelona,1980-09-24,27,13.1,21,71.8,0,0,0,,,,Clear conditions throughout the day.,obs
Barcelona,1980-09-25,26.9,16.9,21.7,75.9,0,0,0,,,,Clear conditions throughout the day.,obs
Barcelona,1980-09-26,27.1,16,21.5,77.9,0,0,0,,,,Partly cloudy throughout the day.,obs
Barcelona,1980-09-27,26.1,16.9,21.2,80.3,0,0,0,,,,Partly cloudy throughout the day.,obs
Barcelona,1980-09-28,25.9,19,22.2,77.2,0,0,0,,,,Partly cloudy throughout the day.,obs
Barcelona,1980-09-29,28,18,22.1,80.7,0,0,0,,,,Partly cloudy throughout the day.,obs
Barcelona,1980-09-30,28.1,14.9,20.5,75.1,0,0,0,,,,Clear conditions throughout the day.,obs
Barcelona,1980-10-01,27.1,15.9,21.9,77.1,0,0,0,,,,Clear conditions throughout the day.,obs
Barcelona,1980-10-02,27.1,16,21.1,82.4,0,0,0,,,,Partly cloudy throughout the day.,obs
Barcelona,1980-10-03,26,15.9,20.8,85.8,0,0,0,,,,Partly cloudy throughout the day.,obs
Barcelona,1980-10-04,26.1,16,20.4,84,0,0,0,,,,Partly cloudy throughout the day.,obs
Barcelona,1980-10-05,26.1,16.1,21.3,79.4,0,0,0,,,,Partly cloudy throughout the day.,obs
Barcelona,1980-10-06,26.1,17,20.8,81.4,0,0,0,,,,Partly cloudy throughout the day.,obs
Barcelona,1980-10-07,26.1,15,20.6,82.8,0,0,0,,,,Partly cloudy throughout the day.,obs
Barcelona,1980-10-08,21,13,18.1,88.2,0,0,0,,,,Partly cloudy throughout the day.,obs
Barcelona,1980-10-09,21.8,11,15.1,70,0,0,0,,,,Partly cloudy throughout the day.,obs
Barcelona,1980-10-10,20.1,8.9,14.4,65.9,0,0,0,,,,Partly cloudy throughout the day.,obs
Barcelona,1980-10-11,23,13,18.5,63.3,0,0,0,,,,Partly cloudy throughout the day.,obs
Barcelona,1980-10-12,20.9,10,14.5,54.2,0,0,0,,,,Partly cloudy throughout the day.,obs
Barcelona,1980-10-13,18.1,8.9,13.2,61.7,0,0,0,,,,Clear conditions throughout the day.,obs
Barcelona,1980-10-14,20.9,8,13.7,67.9,0,0,0,,,,Partly cloudy throughout the day.,obs
Barcelona,1980-10-15,23,11.1,17.1,79.5,0,0,0,,,,Partly cloudy throughout the day.,obs
Barcelona,1980-10-16,22,12.1,16.4,76.9,0,0,0,,,,Partly cloudy throughout the day.,obs
Barcelona,1980-10-17,14.1,8,10.3,78,0,0,0,,,,Partly cloudy throughout the day.,obs
Barcelona,1980-10-18,20.9,6.9,12.6,65.1,0,0,0,,,,Partly cloudy throughout the day.,obs
Barcelona,1980-10-19,18,6.9,12,67.2,0,0,0,,,,Clear conditions throughout the day.,obs
Barcelona,1980-10-20,19,5.9,12.2,64.3,0,0,0,,,,Clear conditions throughout the day.,obs
Barcelona,1980-10-21,22,5.9,12.9,73.2,0,0,0,,,,Partly cloudy throughout the day.,obs
Barcelona,1980-10-22,21,8,13.7,75.7,0,0,0,,,,Partly cloudy throughout the day.,obs
Barcelona,1980-10-23,20.1,12,16,77.8,0,0,0,,,,Partly cloudy throughout the day.,obs
Barcelona,1980-10-24,19.2,10.1,14.9,77.4,0,0,0,,,,Partly cloudy throughout the day.,obs
Barcelona,1980-10-25,20,10.9,15.1,56.5,0,0,0,,,,Partly cloudy throughout the day.,obs
Barcelona,1980-10-26,21,7.8,13.9,68.6,0,0,0,,,,Clear conditions throughout the day.,obs
Barcelona,1980-10-27,22,8.9,14.8,71.7,0,0,0,,,,Clear conditions throughout the day.,obs
Barcelona,1980-10-28,21.1,10,15.3,78.2,0,0,0,,,,Partly cloudy throughout the day.,obs
Barcelona,1980-10-29,22.1,12.1,16.6,84.7,0,0,0,,,,Partly cloudy throughout the day.,obs
Barcelona,1980-10-30,19.1,10,15,84.6,0,0,0,,,,Partly cloudy throughout the day.,obs
Barcelona,1980-10-31,20.1,12,15.3,85.3,0,0,0,,,0,Partly cloudy throughout the day.,obs
Barcelona,1980-11-01,21.8,14,16.4,88.3,0,0,0,,,,Partly cloudy throughout the day.,obs
Barcelona,1980-11-02,20,15,16.5,86.6,0,0,0,,,,Partly cloudy throughout the day.,obs
Barcelona,1980-11-03,17.8,6.1,14.8,83.7,0,0,0,,,,Partly cloudy throughout the day.,obs
Barcelona,1980-11-04,12.8,8.9,10.6,86.1,1.117,100,4.17,rain,,,Cloudy skies throughout the day with afternoon rain.,obs
Barcelona,1980-11-05,8.1,4,5.8,89.5,9.204,100,4.17,rain,,,Partly cloudy throughout the day with afternoon rain.,obs
Barcelona,1980-11-06,14,3.9,7.7,79.7,0,0,0,,,,Partly cloudy throughout the day.,obs
Barcelona,1980-11-07,17.1,6.1,10.5,78.9,0,0,0,,,,Partly cloudy throughout the day.,obs
Barcelona,1980-11-08,15.1,8.1,11.1,86.4,0,0,0,,,,Partly cloudy throughout the day.,obs
Barcelona,1980-11-09,16,12.1,13.7,87.4,1.942,100,4.17,rain,,,Cloudy skies throughout the day with afternoon rain.,obs
Barcelona,1980-11-10,19,10,14.1,76.9,0,0,0,,,,Partly cloudy throughout the day.,obs
Barcelona,1980-11-11,19.9,9.1,12.4,83.1,0,0,0,,,,Partly cloudy throughout the day.,obs
Barcelona,1980-11-12,21.1,8.1,13.2,78.2,0,0,0,,,,Partly cloudy throughout the day.,obs
Barcelona,1980-11-13,19,8.9,13.3,72.4,0,0,0,,,,Clearing in the afternoon.,obs
Barcelona,1980-11-14,17,4.9,10.5,66.2,0,0,0,,,,Clear conditions throughout the day.,obs
Barcelona,1980-11-15,16.1,2.1,9.4,73,0,0,0,,,,Clear conditions throughout the day.,obs
Barcelona,1980-11-16,19.1,5,10.9,76.4,0,0,0,,,,Clear conditions throughout the day.,obs
Barcelona,1980-11-17,17.1,6.9,10.8,80.2,0,0,0,,,,Partly cloudy throughout the day.,obs
Barcelona,1980-11-18,19.1,8.1,12.7,75.9,0,0,0,,,,Partly cloudy throughout the day.,obs
Barcelona,1980-11-19,18,6.9,12.1,79.5,0,0,0,,,,Clear conditions throughout the day.,obs
Barcelona,1980-11-20,19,7.9,12.5,78.6,0,0,0,,,,Clear conditions throughout the day.,obs
Barcelona,1980-11-21,18,8.9,13,82.5,0,0,0,,,,Partly cloudy throughout the day.,obs
Barcelona,1980-11-22,19,8.1,13.4,83.3,0,0,0,,,,Partly cloudy throughout the day.,obs
Barcelona,1980-11-23,20,7.9,13.2,83.5,0,0,0,,,,Partly cloudy throughout the day.,obs
Barcelona,1980-11-24,19,7.9,12.2,80,0,0,0,,,,Partly cloudy throughout the day.,obs
Barcelona,1980-11-25,17,6.1,11.3,81.2,0,0,0,,,,Partly cloudy throughout the day.,obs
Barcelona,1980-11-26,11,6.9,9,89.5,0.087,100,4.17,rain,,,Partly cloudy throughout the day with afternoon rain.,obs
Barcelona,1980-11-27,13.1,5.9,8.9,70.2,0,0,0,,,,Partly cloudy throughout the day.,obs
Barcelona,1980-11-28,16,5.8,9.9,59.7,0,0,0,,,,Clear conditions throughout the day.,obs
Barcelona,1980-11-29,13,4.1,8,55,0,0,0,,,,Clear conditions throughout the day.,obs
Barcelona,1980-11-30,10.9,3,5.4,52.1,0,0,0,,,,Partly cloudy throughout the day.,obs
Barcelona,1980-12-01,11.9,1.1,5.5,59.2,0,0,0,,,,Partly cloudy throughout the day.,obs
Barcelona,1980-12-02,7,-1.1,2.6,56.4,0,0,0,,,,Partly cloudy throughout the day.,obs
Barcelona,1980-12-03,13,2.1,6,61,0,0,0,,,,Clearing in the afternoon.,obs
Barcelona,1980-12-04,11.9,1,4.5,64.6,0,0,0,,,,Partly cloudy throughout the day.,obs
Barcelona,1980-12-05,8.2,0,4,76.3,0,0,0,,,,Partly cloudy throughout the day.,obs
Barcelona,1980-12-06,14,1.9,7,72.6,0,0,0,,,,Clear conditions throughout the day.,obs
Barcelona,1980-12-07,12.9,3.1,7.6,71.9,0,0,0,,,,Partly cloudy throughout the day.,obs
Barcelona,1980-12-08,12.9,3,7.1,55.6,0,0,0,,,,Partly cloudy throughout the day.,obs
Barcelona,1980-12-09,9,0.1,4.3,62,0,0,0,,,,Clear conditions throughout the day.,obs
Barcelona,1980-12-10,12,-0.9,4.9,65.8,0,0,0,,,,Clear conditions throughout the day.,obs
Barcelona,1980-12-11,13.9,0.1,5.6,67.3,0,0,0,,,,Clear conditions throughout the day.,obs
Barcelona,1980-12-12,12.1,1.1,6.3,69.7,0,0,0,,,,Clear conditions throughout the day.,obs
Barcelona,1980-12-13,13.9,0.1,6.7,64.6,0,0,0,,,,Partly cloudy throughout the day.,obs
Barcelona,1980-12-14,16.6,1.9,7.6,69.3,0,0,0,,,,Clear conditions throughout the day.,obs
Barcelona,1980-12-15,16.9,5,9.7,77.8,0,0,0,,,,Partly cloudy throughout the day.,obs
Barcelona,1980-12-16,15,5,8.7,76.6,5.158,100,4.17,rain,,,Partly cloudy throughout the day with early morning rain.,obs
Barcelona,1980-12-17,13.1,1.1,6.6,57.5,0,0,0,,,,Partly cloudy throughout the day.,obs
Barcelona,1980-12-18,15,2.1,7.8,58.8,0,0,0,,,,Partly cloudy throughout the day.,obs
Barcelona,1980-12-19,10.9,2.1,6.3,66.4,0,0,0,,,,Partly cloudy throughout the day.,obs
Barcelona,1980-12-20,13.9,5.1,8.9,78.5,0,0,0,,,,Partly cloudy throughout the day.,obs
Barcelona,1980-12-21,16.9,4.1,11.1,62.3,0,0,0,,,,Clear conditions throughout the day.,obs
Barcelona,1980-12-22,15,4.9,9.1,70.2,0,0,0,,,,Partly cloudy throughout the day.,obs
Barcelona,1980-12-23,16.9,5.1,10,69.5,0,0,0,,,,Clear conditions throughout the day.,obs
Barcelona,1980-12-24,15.1,4.1,8.7,73.1,0,0,0,,,,Clear conditions throughout the day.,obs
Barcelona,1980-12-25,15,4.1,8.4,75.5,0,0,0,,,,Partly cloudy throughout the day.,obs
Barcelona,1980-12-26,16.9,4.1,8.4,77.5,0,0,0,,,,Partly cloudy throughout the day.,obs
Barcelona,1980-12-27,10.9,4.9,7.1,69.9,0,0,0,,,,Partly cloudy throughout the day.,obs
Barcelona,1980-12-28,14.4,6,9.8,33,0,0,0,,,,Partly cloudy throughout the day.,obs
Barcelona,1980-12-29,12,6.9,8.9,45.4,0,0,0,,,,Partly cloudy throughout the day.,obs
Barcelona,1980-12-30,14.6,2.9,7.7,51.1,0,0,0,,,,Clear conditions throughout the day.,obs
Barcelona,1980-12-31,12.9,1.8,6.4,54.2,0,0,0,,,,Clear conditions throughout the day.,obs
Barcelona,1981-01-01,13.1,-3.9,6.4,61,0,0,0,,,,Partly cloudy throughout the day.,obs
Barcelona,1981-01-02,12.1,3.1,7.2,63.3,0,0,0,,,,Partly cloudy throughout the day.,obs
Barcelona,1981-01-03,10.1,2.1,5.8,68.9,0,0,0,,,,Clear conditions throughout the day.,obs
Barcelona,1981-01-04,15,-2.9,8.2,67.4,0,0,0,,,,Clear conditions throughout the day.,obs
Barcelona,1981-01-05,15,5,9.8,65.1,0,0,0,,,,Partly cloudy throughout the day.,obs
Barcelona,1981-01-06,15,3.9,9.2,61.6,0,0,0,,,,Clear conditions throughout the day.,obs
Barcelona,1981-01-07,14,5.1,9.4,66.5,0,0,0,,,,Partly cloudy throughout the day.,obs
Barcelona,1981-01-08,18.8,1.9,6.6,63.9,0,0,0,,,,Partly cloudy throughout the day.,obs
Barcelona,1981-01-09,10.1,1.1,5.4,74.4,0,0,0,,,,Partly cloudy throughout the day.,obs
Barcelona,1981-01-10,11,-3.9,5.5,76.8,0,0,0,,,,Partly cloudy throughout the day.,obs
Barcelona,1981-01-11,5.1,1.1,3.2,87.2,13.561,100,8.33,"rain,snow",,,Cloudy skies throughout the day with rain or snow.,obs
Barcelona,1981-01-12,8.1,3.1,6.1,87.5,2.525,100,8.33,rain,,,Cloudy skies throughout the day with rain.,obs
Barcelona,1981-01-13,8.2,0.2,4.6,73.7,2.742,100,8.33,rain,,,Partly cloudy throughout the day with rain.,obs
Barcelona,1981-01-14,10,-0.9,4.5,52.7,0,0,0,,,,Partly cloudy throughout the day.,obs
Barcelona,1981-01-15,14.1,2,9.2,63.2,0,0,0,,,,Partly cloudy throughout the day.,obs
Barcelona,1981-01-16,13,9.1,10.7,77.6,0,0,0,,,,Partly cloudy throughout the day.,obs
Barcelona,1981-01-17,13,5.1,9.1,78.9,0,0,0,,,,Partly cloudy throughout the day.,obs
Barcelona,1981-01-18,16.2,6.1,9.6,64.5,0,0,0,,,0,Partly cloudy throughout the day.,obs
Barcelona,1981-01-19,13.9,4.1,8,76.6,0,0,0,,,,Partly cloudy throughout the day.,obs
Barcelona,1981-01-20,16.9,6.1,10.9,71.4,0,0,0,,,,Partly cloudy throughout the day.,obs
Barcelona,1981-01-21,13.1,5,9.9,79,0,0,0,,,,Partly cloudy throughout the day.,obs
Barcelona,1981-01-22,17,7.1,11.4,79.8,0,0,0,,,,Clearing in the afternoon.,obs
Barcelona,1981-01-23,13,5.1,9.4,82.2,0,0,0,,,,Partly cloudy throughout the day.,obs
Barcelona,1981-01-24,13,4.1,7.8,83.2,0,0,0,,,,Partly cloudy throughout the day.,obs
Barcelona,1981-01-25,14.1,-3.9,7.5,81.1,0,0,0,,,,Clear conditions throughout the day.,obs
Barcelona,1981-01-26,14,1.9,6.7,78.2,0,0,0,,,,Clear conditions throughout the day.,obs
Barcelona,1981-01-27,14.1,2.1,6.9,77,0,0,0,,,,Partly cloudy throughout the day.,obs
Barcelona,1981-01-28,14,3.1,7.2,77.8,0,0,0,,,,Partly cloudy throughout the day.,obs
Barcelona,1981-01-29,10,5.1,7.1,79.2,0,0,0,,,,Partly cloudy throughout the day.,obs
Barcelona,1981-01-30,14,5.9,8.4,75.6,0,0,0,,,,Partly cloudy throughout the day.,obs
Barcelona,1981-01-31,13.1,1.8,7,73.9,0,0,0,,,,Clear conditions throughout the day.,obs
Barcelona,1981-02-01,14.1,0.9,7,63.8,0,0,0,,,,Clear conditions throughout the day.,obs
Barcelona,1981-02-02,15.7,1.1,9.1,50.9,0,0,0,,,,Partly cloudy throughout the day.,obs
Barcelona,1981-02-03,13.9,3.8,8.6,59.4,0,0,0,,,,Clear conditions throughout the day.,obs
Barcelona,1981-02-04,15.9,5.1,10.6,57.5,0,0,0,,,,Partly cloudy throughout the day.,obs
Barcelona,1981-02-05,14.9,4.9,10,55.5,0,0,0,,,,Partly cloudy throughout the day.,obs
Barcelona,1981-02-06,14.1,4.1,9.8,68.8,0,0,0,,,,Partly cloudy throughout the day.,obs
Barcelona,1981-02-07,16.7,6.9,10.2,70.8,0,0,0,,,,Partly cloudy throughout the day.,obs
Barcelona,1981-02-08,16.1,6.1,11.2,65.2,0,0,0,,,,Clear conditions throughout the day.,obs
Barcelona,1981-02-09,13.2,4.1,8.9,85.8,0,0,0,,,,Partly cloudy throughout the day.,obs
Barcelona,1981-02-10,12.1,8,9.8,86,0,0,0,,,,Partly cloudy throughout the day.,obs
Barcelona,1981-02-11,10.1,5,7.4,75,0.5,100,4.17,rain,,,Partly cloudy throughout the day with early morning rain.,obs
Barcelona,1981-02-12,8.1,3,5.7,75.1,0,0,0,,,,Partly cloudy throughout the day.,obs
Barcelona,1981-02-13,11,4.1,7.2,73.5,0,0,0,,,,Partly cloudy throughout the day.,obs
Barcelona,1981-02-14,12.1,4.1,8.2,72.9,0,0,0,,,,Partly cloudy throughout the day.,obs
Barcelona,1981-02-15,13,2.8,7.7,76.7,0,0,0,,,,Partly cloudy throughout the day.,obs
Barcelona,1981-02-16,13.1,6,8.8,71.5,0,0,0,,,,Partly cloudy throughout the day.,obs
Barcelona,1981-02-17,12.2,6.1,8.2,77.6,0.842,100,4.17,rain,,,Partly cloudy throughout the day with afternoon rain.,obs
Barcelona,1981-02-18,12,1.1,6.6,75.3,0,0,0,,,,Partly cloudy throughout the day.,obs
Barcelona,1981-02-19,10.8,0.1,5.1,84.1,0.087,100,4.17,rain,,,Partly cloudy throughout the day with afternoon rain.,obs
Barcelona,1981-02-20,6,0.2,2.9,74,1.632,100,4.17,"rain,snow",,,Partly cloudy throughout the day with early morning snow or rain.,obs
Barcelona,1981-02-21,10,-1,3.7,69.8,0,0,0,,,,Clear conditions throughout the day.,obs
Barcelona,1981-02-22,12,0,5.9,68.4,0,0,0,,,,Partly cloudy throughout the day.,obs
Barcelona,1981-02-23,13.1,2.1,7.3,69.9,0,0,0,,,,Partly cloudy throughout the day.,obs
Barcelona,1981-02-24,14,3.1,9.1,65.2,0,0,0,,,,Partly cloudy throughout the day.,obs
Barcelona,1981-02-25,13,0.1,7.1,66.8,0,0,0,,,,Partly cloudy throughout the day.,obs
Barcelona,1981-02-26,13,2.9,8.2,71.7,0,0,0,,,,Partly cloudy throughout the day.,obs
Barcelona,1981-02-27,12,7.1,9.1,84.2,4.366,100,4.17,rain,,,Cloudy skies throughout the day with afternoon rain.,obs
Barcelona,1981-02-28,15.1,10,11.6,90.1,0.005,100,4.17,rain,,,Partly cloudy throughout the day with afternoon rain.,obs
Barcelona,1981-03-01,18,9.1,12.6,87.1,0,0,0,,,,Partly cloudy throughout the day.,obs
Barcelona,1981-03-02,16,9,12.4,77,0,0,0,,,,Partly cloudy throughout the day.,obs
Barcelona,1981-03-03,17,6.1,11.9,72.4,0,0,0,,,,Partly cloudy throughout the day.,obs
Barcelona,1981-03-04,16,6,11,72.3,0,0,0,,,,Partly cloudy throughout the day.,obs
Barcelona,1981-03-05,15.1,5,10.8,83.6,0,0,0,,,,Partly cloudy throughout the day.,obs
Barcelona,1981-03-06,16.7,10.1,12.8,88.6,0.5,100,4.17,rain,,,Partly cloudy throughout the day with early morning rain.,obs
Barcelona,1981-03-07,16.9,9.1,12.5,84.4,0,0,0,,,,Partly cloudy throughout the day.,obs
Barcelona,1981-03-08,15.2,10.1,12.8,87.6,0,0,0,,,,Partly cloudy throughout the day.,obs
Barcelona,1981-03-09,16.2,5.1,12,87.9,0,0,0,,,,Partly cloudy throughout the day.,obs
Barcelona,1981-03-10,17.3,10.2,12.6,91.9,0,0,0,,,,Partly cloudy throughout the day.,obs
Barcelona,1981-03-11,21.4,11,14.3,87.2,0,0,0,,,,Partly cloudy throughout the day.,obs
Barcelona,1981-03-12,25.1,9.1,17.4,66.6,0,0,0,,,,Partly cloudy throughout the day.,obs
Barcelona,1981-03-13,20.8,10.4,15.1,63,0,0,0,,,,Clearing in the afternoon.,obs
Barcelona,1981-03-14,15.1,6.4,11.1,75.4,0,0,0,,,0,Partly cloudy throughout the day.,obs
Barcelona,1981-03-15,13.9,7,10.6,81.9,0.485,100,4.17,rain,,,Partly cloudy throughout the day with afternoon rain.,obs
Barcelona,1981-03-16,16,5.9,10.2,73.6,0,0,0,,,,Partly cloudy throughout the day.,obs
Barcelona,1981-03-17,12.9,6,9.4,78.9,0,0,0,,,,Partly cloudy throughout the day.,obs
Barcelona,1981-03-18,18.9,5,10.3,62.1,0.787,100,4.17,rain,,,Partly cloudy throughout the day with early morning rain.,obs
Barcelona,1981-03-19,14.1,4.1,9.7,63.3,0,0,0,,,,Partly cloudy throughout the day.,obs
Barcelona,1981-03-20,16.2,9,12.9,75.6,0,0,0,,,,Partly cloudy throughout the day.,obs
Barcelona,1981-03-21,19.1,11.1,13.9,79.9,0,0,0,,,,Clearing in the afternoon.,obs
Barcelona,1981-03-22,18,10.1,13.3,70.2,0,0,0,,,,Partly cloudy throughout the day.,obs
Barcelona,1981-03-23,19.9,9.1,14.1,71.3,0,0,0,,,,Partly cloudy throughout the day.,obs
Barcelona,1981-03-24,23.7,11.1,16.4,72.9,0,0,0,,,,Partly cloudy throughout the day.,obs
Barcelona,1981-03-25,20.9,11.1,15.5,82.4,0,0,0,,,,Partly cloudy throughout the day.,obs
Barcelona,1981-03-26,20.9,12.1,15.6,78.2,0,0,0,,,,Partly cloudy throughout the day.,obs
Barcelona,1981-03-27,21.1,11.1,15.2,73.9,0,0,0,,,,Partly cloudy throughout the day.,obs
Barcelona,1981-03-28,16.9,12.1,13.7,92.2,2.523,100,4.17,rain,,,Partly cloudy throughout the day with afternoon rain.,obs
Barcelona,1981-03-29,18,10.1,14.1,80.4,0.313,100,4.17,rain,,,Partly cloudy throughout the day with afternoon rain.,obs
Barcelona,1981-03-30,18.9,9.1,13.1,83,0.009,100,4.17,rain,,,Partly cloudy throughout the day with early morning rain.,obs
Barcelona,1981-03-31,17,8.1,12.9,75.5,6.759,100,4.17,rain,,,Partly cloudy throughout the day with early morning rain.,obs
Barcelona,1981-04-01,16,10.1,12.9,73.1,0.002,100,4.17,rain,,,Partly cloudy throughout the day with early morning rain.,obs
Barcelona,1981-04-02,18,9,13.2,79.5,0,0,0,,,,Partly cloudy throughout the day.,obs
Barcelona,1981-04-03,14.2,9.1,12.2,86.5,0,0,0,,,,Partly cloudy throughout the day.,obs
Barcelona,1981-04-04,18.1,10.1,13.9,81.5,0.419,100,4.17,rain,,,Partly cloudy throughout the day with afternoon rain.,obs
Barcelona,1981-04-05,21.4,4.1,13.9,81.5,0,0,0,,,,Clear conditions throughout the day.,obs
Barcelona,1981-04-06,18.7,10,14,82.6,0,0,0,,,,Partly cloudy throughout the day.,obs
Barcelona,1981-04-07,17.2,10,13.8,82.8,0,0,0,,,,Partly cloudy throughout the day.,obs
Barcelona,1981-04-08,17.9,9.1,13.4,82.9,0,0,0,,,,Partly cloudy throughout the day.,obs
Barcelona,1981-04-09,20.1,10.1,15.1,82.5,0,0,0,,,,Partly cloudy throughout the day.,obs
Barcelona,1981-04-10,15.1,11,13.6,91.5,0,0,0,,,,Partly cloudy throughout the day.,obs
Barcelona,1981-04-11,20.7,11.9,15.3,83.5,0,0,0,,,,Partly cloudy throughout the day.,obs
Barcelona,1981-04-12,19.9,11,14.8,85.7,0,0,0,,,,Partly cloudy throughout the day.,obs
Barcelona,1981-04-13,19.1,11.1,15.6,73.3,0,0,0,,,,Partly cloudy throughout the day.,obs
Barcelona,1981-04-14,18,12.2,14.3,81,4.06,100,8.33,rain,,,Partly cloudy throughout the day with rain.,obs
Barcelona,1981-04-15,18.7,9,13.9,81.8,0,0,0,,,,Partly cloudy throughout the day.,obs
Barcelona,1981-04-16,18,11,14.1,84.9,0,0,0,,,,Partly cloudy throughout the day.,obs
Barcelona,1981-04-17,19,11,14.5,79.3,0,0,0,,,,Partly cloudy throughout the day.,obs
Barcelona,1981-04-18,17.1,10,13.7,77.4,0,0,0,,,,Partly cloudy throughout the day.,obs
Barcelona,1981-04-19,16.1,10.9,13.3,77.7,0,0,0,,,,Partly cloudy throughout the day.,obs
Barcelona,1981-04-20,15,10.1,12.8,73.9,0,0,0,,,,Partly cloudy throughout the day.,obs
Barcelona,1981-04-21,14.1,9.1,11.8,65,0,0,0,,,,Partly cloudy throughout the day.,obs
Barcelona,1981-04-22,13.9,9.1,11.8,81.9,1.906,100,8.33,rain,,,Cloudy skies throughout the day with rain.,obs
Barcelona,1981-04-23,14,10,12,86.5,3.843,100,4.17,rain,,,Cloudy skies throughout the day with early morning rain.,obs
Barcelona,1981-04-24,14.1,9.1,11.4,83.5,0.885,100,4.17,rain,,,Partly cloudy throughout the day with afternoon rain.,obs
Barcelona,1981-04-25,18.1,10.9,14.3,76.1,0,0,0,,,,Partly cloudy throughout the day.,obs
Barcelona,1981-04-26,16.9,6.2,11.9,62.8,3.375,100,4.17,rain,,,Clearing in the afternoon with early morning rain.,obs
Barcelona,1981-04-27,16,2.1,10.8,59.7,0,0,0,,,,Partly cloudy throughout the day.,obs
Barcelona,1981-04-28,18.9,6.9,12.3,67.1,0,0,0,,,,Partly cloudy throughout the day.,obs
Barcelona,1981-04-29,17.1,6,13,72.5,0,0,0,,,,Clear conditions throughout the day.,obs
Barcelona,1981-04-30,20.1,9.9,14.6,72.8,0,0,0,,,,Partly cloudy throughout the day.,obs
Barcelona,1981-05-01,19.7,13,15.9,70.5,0,0,0,,,,Clearing in the afternoon.,obs
Barcelona,1981-05-02,19,10.9,14.7,76.8,0,0,0,,,,Partly cloudy throughout the day.,obs
Barcelona,1981-05-03,19,10.1,14.4,72.1,0,0,0,,,,Partly cloudy throughout the day.,obs
Barcelona,1981-05-04,21.9,8.1,14.5,56.2,0,0,0,,,,Partly cloudy throughout the day.,obs
Barcelona,1981-05-05,18.7,8,13.5,67.4,0,0,0,,,,Partly cloudy throughout the day.,obs
Barcelona,1981-05-06,19.7,9.9,14.7,80.9,0,0,0,,,,Partly cloudy throughout the day.,obs
Barcelona,1981-05-07,19.1,9.1,14.1,82,0,0,0,,,,Partly cloudy throughout the day.,obs
Barcelona,1981-05-08,19.1,12.1,15.3,84.9,2.942,100,4.17,rain,,,Partly cloudy throughout the day with early morning rain.,obs
Barcelona,1981-05-09,17.1,12.1,14.6,93.5,4.268,100,4.17,rain,,,Partly cloudy throughout the day with afternoon rain.,obs
Barcelona,1981-05-10,17.1,8,12.4,80.7,3.883,100,4.17,rain,,,Partly cloudy throughout the day with early morning rain.,obs
Barcelona,1981-05-11,18.9,11,14.7,66.4,0,0,0,,,,Partly cloudy throughout the day.,obs
Barcelona,1981-05-12,20.7,10,14.7,72.5,0,0,0,,,,Partly cloudy throughout the day.,obs
Barcelona,1981-05-13,17,11.7,14.4,77.4,0,0,0,,,,Partly cloudy throughout the day.,obs
Barcelona,1981-05-14,18.2,10,14.5,81,0,0,0,,,,Partly cloudy throughout the day.,obs
Barcelona,1981-05-15,19.6,10,14.9,76.9,0,0,0,,,,Partly cloudy throughout the day.,obs
Barcelona,1981-05-16,21.6,13,16.7,80.6,0,0,0,,,,Partly cloudy throughout the day.,obs
Barcelona,1981-05-17,20,11.9,16.5,71.2,0,0,0,,,,Partly cloudy throughout the day.,obs
Barcelona,1981-05-18,22.6,12,16.6,75.5,0,0,0,,,,Partly cloudy throughout the day.,obs
Barcelona,1981-05-19,21.9,13,17.2,77.3,0,0,0,,,,Partly cloudy throughout the day.,obs
Barcelona,1981-05-20,23.1,13,17.8,64.3,0,0,0,,,,Partly cloudy throughout the day.,obs
Barcelona,1981-05-21,19,14.1,17,85.9,0.251,100,4.17,rain,,,Partly cloudy throughout the day with afternoon rain.,obs
Barcelona,1981-05-22,20.7,13.1,17,75.9,0,0,0,,,,Partly cloudy throughout the day.,obs
Barcelona,1981-05-23,20.9,12,16.7,73.2,0,0,0,,,,Partly cloudy throughout the day.,obs
Barcelona,1981-05-24,21.1,12.1,17.3,79.1,0,0,0,,,,Partly cloudy throughout the day.,obs
Barcelona,1981-05-25,19,14,16.4,90.2,0,0,0,,,,Partly cloudy throughout the day.,obs
Barcelona,1981-05-26,18,13,14.9,82.8,0.996,100,8.33,rain,,,Partly cloudy throughout the day with rain.,obs
Barcelona,1981-05-27,19.8,11,15.2,72.3,0,0,0,,,,Partly cloudy throughout the day.,obs
Barcelona,1981-05-28,21.1,13.2,17,76.2,0,0,0,,,,Partly cloudy throughout the day.,obs
Barcelona,1981-05-29,21.1,11.1,16.7,77.8,0,0,0,,,,Partly cloudy throughout the day.,obs
Barcelona,1981-05-30,22.9,13,18.1,73.6,0,0,0,,,,Partly cloudy throughout the day.,obs
Barcelona,1981-05-31,24.7,13,19,66.4,0,0,0,,,,Partly cloudy throughout the day.,obs
Barcelona,1981-06-01,25.1,14.1,19.5,65.3,0,0,0,,,,Partly cloudy throughout the day.,obs
Barcelona,1981-06-02,22.1,17,19.6,81.7,0,0,0,,,,Partly cloudy throughout the day.,obs
Barcelona,1981-06-03,25,14.1,19.9,72.2,0,0,0,,,,Partly cloudy throughout the day.,obs
Barcelona,1981-06-04,22,15,18.6,76.3,0,0,0,,,,Partly cloudy throughout the day.,obs
Barcelona,1981-06-05,22.1,13.9,18.6,78.5,0,0,0,,,,Partly cloudy throughout the day.,obs
Barcelona,1981-06-06,25.7,15,20,67,0,0,0,,,,Clear conditions throughout the day.,obs
Barcelona,1981-06-07,25.7,12.1,20.4,62.6,0,0,0,,,,Partly cloudy throughout the day.,obs
Barcelona,1981-06-08,26.7,17,21.6,67.1,0,0,0,,,,Clear conditions throughout the day.,obs
Barcelona,1981-06-09,29.7,16.9,22.3,71.6,0,0,0,,,,Clear conditions throughout the day.,obs
Barcelona,1981-06-10,27.6,19,22.6,70,0,0,0,,,,Partly cloudy throughout the day.,obs
Barcelona,1981-06-11,27.7,16,22.4,63.9,0,0,0,,,,Clear conditions throughout the day.,obs
Barcelona,1981-06-12,30.4,18,23.7,62.9,0,0,0,,,,Clear conditions throughout the day.,obs
Barcelona,1981-06-13,29.9,21,25.2,57.6,0,0,0,,,,Clear conditions throughout the day.,obs
Barcelona,1981-06-14,29.6,20,24.3,68.3,0,0,0,,,,Partly cloudy throughout the day.,obs
Barcelona,1981-06-15,29.9,19,25.2,63,0,0,0,,,,Clear conditions throughout the day.,obs
Barcelona,1981-06-16,31.4,20,25.3,63.8,0,0,0,,,,Clear conditions throughout the day.,obs
Barcelona,1981-06-17,27,19.1,23.3,73.1,0,0,0,,,,Partly cloudy throughout the day.,obs
Barcelona,1981-06-18,24.2,20.1,22.3,70.4,0,0,0,,,,Partly cloudy throughout the day.,obs
Barcelona,1981-06-19,21,17,19.5,72.4,0.629,100,4.17,rain,,,Partly cloudy throughout the day with afternoon rain.,obs
Barcelona,1981-06-20,22,15.1,18.6,79.6,11.65,100,4.17,rain,,,Partly cloudy throughout the day with early morning rain.,obs
Barcelona,1981-06-21,22.1,15.9,18.5,81.5,0.838,100,4.17,rain,,,Partly cloudy throughout the day with afternoon rain.,obs
Barcelona,1981-06-22,22.1,18,19.8,74.1,0,0,0,,,,Partly cloudy throughout the day.,obs
Barcelona,1981-06-23,22.1,18,20,67.2,0,0,0,,,,Partly cloudy throughout the day.,obs
Barcelona,1981-06-24,23.1,15,19.6,72,0,0,0,,,,Partly cloudy throughout the day.,obs
Barcelona,1981-06-25,22.9,15.4,19,78.5,0.079,100,4.17,rain,,,Partly cloudy throughout the day with afternoon rain.,obs
Barcelona,1981-06-26,21.1,15,17.9,82.9,3.667,100,8.33,rain,,,Partly cloudy throughout the day with rain.,obs
Barcelona,1981-06-27,21,16.2,18.1,92.7,13.637,100,8.33,rain,,,Cloudy skies throughout the day with rain.,obs
Barcelona,1981-06-28,21,16.1,17.9,86.4,6.185,100,8.33,rain,,,Partly cloudy throughout the day with rain.,obs
Barcelona,1981-06-29,20,14.9,17.5,74.8,0,0,0,,,,Partly cloudy throughout the day.,obs
Barcelona,1981-06-30,22.1,13,18.4,71.2,0,0,0,,,,Partly cloudy throughout the day.,obs
Barcelona,1981-07-01,24.7,15,19.7,75.6,0,0,0,,,,Clear conditions throughout the day.,obs
Barcelona,1981-07-02,23.1,16,19.8,79.2,0,0,0,,,,Partly cloudy throughout the day.,obs
Barcelona,1981-07-03,25,17,21,77.6,0,0,0,,,,Partly cloudy throughout the day.,obs
Barcelona,1981-07-04,24.1,16.9,20.5,74.7,0,0,0,,,,Clearing in the afternoon.,obs
Barcelona,1981-07-05,24.9,17.1,21.7,72,0,0,0,,,,Partly cloudy throughout the day.,obs
Barcelona,1981-07-06,27.6,18,22.6,66.5,0,0,0,,,,Clear conditions throughout the day.,obs
Barcelona,1981-07-07,28.6,17.1,22.9,67.4,0,0,0,,,,Partly cloudy throughout the day.,obs
Barcelona,1981-07-08,28.1,18,23.3,62,0,0,0,,,,Partly cloudy throughout the day.,obs
Barcelona,1981-07-09,29.1,18.9,23.9,51.6,0,0,0,,,,Partly cloudy throughout the day.,obs
Barcelona,1981-07-10,25,17.7,21,75.1,2.153,100,4.17,rain,,,Partly cloudy throughout the day with afternoon rain.,obs
Barcelona,1981-07-11,26.1,17,21.5,58,0,0,0,,,,Partly cloudy throughout the day.,obs
Barcelona,1981-07-12,25.1,16.9,21.6,70.9,0,0,0,,,,Partly cloudy throughout the day.,obs
Barcelona,1981-07-13,26.1,15.1,21.6,72.1,0,0,0,,,,Partly cloudy throughout the day.,obs
Barcelona,1981-07-14,27.1,19,23.6,68.6,0,0,0,,,,Partly cloudy throughout the day.,obs
Barcelona,1981-07-15,28.7,17.8,23.8,72.2,0,0,0,,,,Clear conditions throughout the day.,obs
Barcelona,1981-07-16,28.1,19,23.4,76.4,0,0,0,,,,Clear conditions throughout the day.,obs
Barcelona,1981-07-17,26.1,18,22.3,80,0,0,0,,,,Partly cloudy throughout the day.,obs
Barcelona,1981-07-18,22,16.4,19.9,79.6,3.867,100,8.33,rain,,,Partly cloudy throughout the day with rain.,obs
Barcelona,1981-07-19,25.1,14,20.2,58.1,0,0,0,,,,Clear conditions throughout the day.,obs
Barcelona,1981-07-20,24.1,16.9,20.9,63.5,0,0,0,,,,Clear conditions throughout the day.,obs
Barcelona,1981-07-21,25.2,16,21.5,76.2,0,0,0,,,,Clear conditions throughout the day.,obs
Barcelona,1981-07-22,26.7,17,21.8,74,0,0,0,,,,Partly cloudy throughout the day.,obs
Barcelona,1981-07-23,25,18,21.3,74.9,0.251,100,4.17,rain,,,Partly cloudy throughout the day with afternoon rain.,obs
Barcelona,1981-07-24,21.9,17.9,19.7,65.8,2.537,100,4.17,rain,,,Partly cloudy throughout the day with afternoon rain.,obs
Barcelona,1981-07-25,24,15.9,19.7,67.2,0.251,100,4.17,rain,,,Partly cloudy throughout the day with afternoon rain.,obs
Barcelona,1981-07-26,24.1,15.1,20,70.1,0,0,0,,,,Partly cloudy throughout the day.,obs
Barcelona,1981-07-27,25.1,15,20.5,76.2,0,0,0,,,,Clear conditions throughout the day.,obs
Barcelona,1981-07-28,25.9,18.7,22.5,76.9,0,0,0,,,,Clear conditions throughout the day.,obs
Barcelona,1981-07-29,27.1,18,22.8,72.7,0,0,0,,,,Clear conditions throughout the day.,obs
Barcelona,1981-07-30,27.1,17.1,23.4,71.9,0,0,0,,,,Partly cloudy throughout the day.,obs
Barcelona,1981-07-31,27.9,19,23.6,75.6,0,0,0,,,,Partly cloudy throughout the day.,obs
Barcelona,1981-08-01,25,21.2,23,80.8,0,0,0,,,,Partly cloudy throughout the day.,obs
Barcelona,1981-08-02,28.9,19,23.2,70.1,0,0,0,,,,Partly cloudy throughout the day.,obs
Barcelona,1981-08-03,27.7,20,23.5,70.9,0,0,0,,,,Partly cloudy throughout the day.,obs
Barcelona,1981-08-04,30.7,19,24.6,67.1,0,0,0,,,,Partly cloudy throughout the day.,obs
Barcelona,1981-08-05,31.6,18,24.8,64.9,0,0,0,,,,Partly cloudy throughout the day.,obs
Barcelona,1981-08-06,30.7,20.8,25.2,61.6,0,0,0,,,,Partly cloudy throughout the day.,obs
Barcelona,1981-08-07,30.7,19,24.6,64.8,0,0,0,,,,Partly cloudy throughout the day.,obs
Barcelona,1981-08-08,29.9,21,25,70.1,0,0,0,,,,Partly cloudy throughout the day.,obs
Barcelona,1981-08-09,26,21,23.1,80.5,0,0,0,,,,Partly cloudy throughout the day.,obs
Barcelona,1981-08-10,26.1,22,23.4,77.2,0,0,0,,,,Partly cloudy throughout the day.,obs
Barcelona,1981-08-11,25.1,20,22.4,76.3,0,0,0,,,,Partly cloudy throughout the day.,obs
Barcelona,1981-08-12,24.1,19,21.5,81,0.421,100,4.17,rain,,,Partly cloudy throughout the day with early morning rain.,obs
Barcelona,1981-08-13,27.1,18,22.4,69.7,0,0,0,,,,Clear conditions throughout the day.,obs
Barcelona,1981-08-14,29.1,18,23.7,63.5,0,0,0,,,,Clear conditions throughout the day.,obs
Barcelona,1981-08-15,28.1,17.1,23.6,64.5,0,0,0,,,,Clear conditions throughout the day.,obs
Barcelona,1981-08-16,28.1,18,23.4,71.4,0,0,0,,,,Clear conditions throughout the day.,obs
Barcelona,1981-08-17,29.6,18.1,24,69.6,0,0,0,,,,Partly cloudy throughout the day.,obs
Barcelona,1981-08-18,27.9,20,23.4,70.5,0,0,0,,,,Partly cloudy throughout the day.,obs
Barcelona,1981-08-19,28.1,19,23.5,73.7,0,0,0,,,,Partly cloudy throughout the day.,obs
Barcelona,1981-08-20,30.1,20.1,24.2,70,0,0,0,,,,Clear conditions throughout the day.,obs
Barcelona,1981-08-21,26.9,18.1,22.4,66.3,0,0,0,,,,Partly cloudy throughout the day.,obs
Barcelona,1981-08-22,25.1,19.1,22.1,77.8,20.059,100,4.17,rain,,,Partly cloudy throughout the day with early morning rain.,obs
Barcelona,1981-08-23,27.1,18.9,22.7,68.5,0,0,0,,,,Partly cloudy throughout the day.,obs
Barcelona,1981-08-24,27.1,16.1,22.8,65.8,0,0,0,,,,Partly cloudy throughout the day.,obs
Barcelona,1981-08-25,27.1,19.9,22.8,67.9,0,0,0,,,,Partly cloudy throughout the day.,obs
Barcelona,1981-08-26,26.1,16.9,21.6,62.8,0,0,0,,,,Partly cloudy throughout the day.,obs
Barcelona,1981-08-27,26.1,16.9,21.9,67.5,0,0,0,,,,Clear conditions throughout the day.,obs
Barcelona,1981-08-28,27.1,18,22.5,70.7,0,0,0,,,,Clear conditions throughout the day.,obs
Barcelona,1981-08-29,27.1,17.1,22.5,70.9,0,0,0,,,,Clear conditions throughout the day.,obs
Barcelona,1981-08-30,27.1,16.1,22.4,72.4,0,0,0,,,,Partly cloudy throughout the day.,obs
Barcelona,1981-08-31,28.7,19,22.6,75.6,0,0,0,,,,Partly cloudy throughout the day.,obs
Barcelona,1981-09-01,27.1,18.1,22.7,75.3,0,0,0,,,,Partly cloudy throughout the day.,obs
Barcelona,1981-09-02,27.9,19,22.7,70.3,0,0,0,,,,Partly cloudy throughout the day.,obs
Barcelona,1981-09-03,27,18.2,21.6,80.7,4.309,100,8.33,rain,,,Partly cloudy throughout the day with rain.,obs
Barcelona,1981-09-04,26.1,17.9,21.7,71.1,6.735,100,4.17,rain,,,Partly cloudy throughout the day with early morning rain.,obs
Barcelona,1981-09-05,31.6,16.1,22.7,74.7,0,0,0,,,,Partly cloudy throughout the day.,obs
Barcelona,1981-09-06,28,20,23.5,71.8,0,0,0,,,,Clearing in the afternoon.,obs
Barcelona,1981-09-07,27.1,20,23.4,75.2,0,0,0,,,,Partly cloudy throughout the day.,obs
Barcelona,1981-09-08,27.1,20.9,23.7,78,0,0,0,,,,Partly cloudy throughout the day.,obs
Barcelona,1981-09-09,27.1,20,23.4,74.9,0,0,0,,,,Partly cloudy throughout the day.,obs
Barcelona,1981-09-10,27.1,20,23,72.8,7.458,100,4.17,rain,,,Clearing in the afternoon with morning rain.,obs
Barcelona,1981-09-11,28.6,18,23.2,74.7,0,0,0,,,,Clear conditions throughout the day.,obs
Barcelona,1981-09-12,28.1,19,23,82.1,0,0,0,,,,Partly cloudy throughout the day.,obs
Barcelona,1981-09-13,25.9,19.1,22.6,73.6,0.005,100,4.17,rain,,,Partly cloudy throughout the day with afternoon rain.,obs
Barcelona,1981-09-14,26.1,17.1,21.9,72.7,0,0,0,,,,Partly cloudy throughout the day.,obs
Barcelona,1981-09-15,28,19.9,23.5,81.9,0,0,0,,,,Clearing in the afternoon.,obs
Barcelona,1981-09-16,27.1,18,23,82.9,0,0,0,,,,Partly cloudy throughout the day.,obs
Barcelona,1981-09-17,27,20,23,82.4,0,0,0,,,,Partly cloudy throughout the day.,obs
Barcelona,1981-09-18,27.1,20,23.2,77.3,0,0,0,,,,Partly cloudy throughout the day.,obs
Barcelona,1981-09-19,26.9,17.1,22.4,82.1,0,0,0,,,,Partly cloudy throughout the day.,obs
Barcelona,1981-09-20,28.1,18.1,23.3,81.3,0,0,0,,,,Partly cloudy throughout the day.,obs
Barcelona,1981-09-21,28,20.9,23.8,82.7,0,0,0,,,,Becoming cloudy in the afternoon.,obs
Barcelona,1981-09-22,26.1,19,22.4,84.5,0,0,0,,,,Partly cloudy throughout the day.,obs
Barcelona,1981-09-23,20,15.2,17.8,89,12.884,100,8.33,rain,,,Partly cloudy throughout the day with rain.,obs
Barcelona,1981-09-24,24.1,14.1,18.6,63,0,0,0,,,,Partly cloudy throughout the day.,obs
Barcelona,1981-09-25,25.1,14.1,19.5,64.4,0,0,0,,,,Partly cloudy throughout the day.,obs
Barcelona,1981-09-26,25,16.1,20.3,75.9,0,0,0,,,,Partly cloudy throughout the day.,obs
Barcelona,1981-09-27,21.1,13,16.4,66.5,0,0,0,,,,Partly cloudy throughout the day.,obs
Barcelona,1981-09-28,23,10.9,16.4,61.5,0,0,0,,,,Clear conditions throughout the day.,obs
Barcelona,1981-09-29,21.9,10.1,16.7,54.7,0,0,0,,,,Clear conditions throughout the day.,obs
Barcelona,1981-09-30,25,10.9,17,62.2,249.571,100,8.33,rain,,,Clear conditions throughout the day with afternoon rain.,obs
Barcelona,1981-10-01,22.1,14.9,18.4,77.8,0,0,0,,,,Partly cloudy throughout the day.,obs
Barcelona,1981-10-02,24.8,14,18.8,68.3,1.942,100,4.17,rain,,,Partly cloudy throughout the day with early morning rain.,obs
Barcelona,1981-10-03,24,14,19.2,63.3,0,0,0,,,,Partly cloudy throughout the day.,obs
Barcelona,1981-10-04,24.7,16.9,19.8,78,0,0,0,,,,Clearing in the afternoon.,obs
Barcelona,1981-10-05,25.1,12.1,19.1,84.2,0,0,0,,,,Partly cloudy throughout the day.,obs
Barcelona,1981-10-06,26.1,16,20.6,80,0,0,0,,,,Partly cloudy throughout the day.,obs
Barcelona,1981-10-07,26.7,15.1,20.3,66.1,0,0,0,,,,Partly cloudy throughout the day.,obs
Barcelona,1981-10-08,24.7,13,18.3,73.7,0,0,0,,,,Partly cloudy throughout the day.,obs
Barcelona,1981-10-09,23.1,14.1,18.4,78.1,0,0,0,,,,Partly cloudy throughout the day.,obs
Barcelona,1981-10-10,23.1,12.1,18.2,84.3,0,0,0,,,,Partly cloudy throughout the day.,obs
Barcelona,1981-10-11,26,16.9,20.9,74.7,0,0,0,,,,Partly cloudy throughout the day.,obs
Barcelona,1981-10-12,29,15.9,21.7,70.6,0,0,0,,,,Partly cloudy throughout the day.,obs
Barcelona,1981-10-13,22,15,19.4,83,1.676,100,4.17,rain,,,Partly cloudy throughout the day with afternoon rain.,obs
Barcelona,1981-10-14,24.1,18,20.5,82.8,0,0,0,,,,Partly cloudy throughout the day.,obs
Barcelona,1981-10-15,25.1,14,19.4,84.1,0,0,0,,,,Clear conditions throughout the day.,obs
Barcelona,1981-10-16,24.9,11.1,19.2,77.2,0,0,0,,,,Clear conditions throughout the day.,obs
Barcelona,1981-10-17,25.1,14,19,84.5,0,0,0,,,,Partly cloudy throughout the day.,obs
Barcelona,1981-10-18,24.1,16,19.9,84.1,0,0,0,,,,Partly cloudy throughout the day.,obs
Barcelona,1981-10-19,21.1,17.1,19.1,86.2,0.971,100,4.17,rain,,,Partly cloudy throughout the day with afternoon rain.,obs
Barcelona,1981-10-20,21.2,16,18,84.5,0,0,0,,,,Partly cloudy throughout the day.,obs
Barcelona,1981-10-21,17.9,11.4,15.3,91.9,1.009,100,4.17,rain,,,Partly cloudy throughout the day with afternoon rain.,obs
Barcelona,1981-10-22,16.1,9,12.4,68.6,2.592,100,4.17,rain,,,Partly cloudy throughout the day with early morning rain.,obs
Barcelona,1981-10-23,17.1,7,11.7,72.5,0,0,0,,,,Partly cloudy throughout the day.,obs
Barcelona,1981-10-24,16.1,7.9,11.5,74.1,0,0,0,,,,Partly cloudy throughout the day.,obs
Barcelona,1981-10-25,18,6.1,11.9,69.3,0,0,0,,,,Partly cloudy throughout the day.,obs
Barcelona,1981-10-26,18.9,10.9,14.2,49.4,0.028,100,4.17,rain,,,Clearing in the afternoon with afternoon rain.,obs
Barcelona,1981-10-27,20,7.8,12.8,54.4,0,0,0,,,,Clear conditions throughout the day.,obs
Barcelona,1981-10-28,19,9.9,13.9,73.6,0,0,0,,,,Clear conditions throughout the day.,obs
Barcelona,1981-10-29,19.1,10,14.7,87.8,0,0,0,,,,Partly cloudy throughout the day.,obs
Barcelona,1981-10-30,20.1,9.1,14.2,85.6,0,0,0,,,,Partly cloudy throughout the day.,obs
Barcelona,1981-10-31,21.1,12,15.7,79.4,0,0,0,,,,Partly cloudy throughout the day.,obs
Barcelona,1981-11-01,21.1,10.9,15.2,80.8,0,0,0,,,,Clear conditions throughout the day.,obs
Barcelona,1981-11-02,20.9,11.1,15,87.1,0.024,100,4.17,rain,,,Clear conditions throughout the day with afternoon rain.,obs
Barcelona,1981-11-03,19.9,12.1,15.5,90.9,0,0,0,,,,Partly cloudy throughout the day.,obs
Barcelona,1981-11-04,17,15,15.8,87.7,0,0,0,,,,Cloudy skies throughout the day.,obs
Barcelona,1981-11-05,19.1,13,15.5,82.8,0,0,0,,,,Partly cloudy throughout the day.,obs
Barcelona,1981-11-06,19.1,11.1,14.8,85.6,0,0,0,,,,Partly cloudy throughout the day.,obs
Barcelona,1981-11-07,17.1,11.1,13.9,84.5,0,0,0,,,,Partly cloudy throughout the day.,obs
Barcelona,1981-11-08,14,7,12,68.6,0,0,0,,,,Partly cloudy throughout the day.,obs
Barcelona,1981-11-09,15,7,10.5,74.4,0,0,0,,,,Partly cloudy throughout the day.,obs
Barcelona,1981-11-10,13.1,0.3,10.5,78.6,0,0,0,,,,Partly cloudy throughout the day.,obs
Barcelona,1981-11-11,15.1,5.1,10.1,79.3,0,0,0,,,,Partly cloudy throughout the day.,obs
Barcelona,1981-11-12,18.1,7.1,11.3,77,0,0,0,,,,Clear conditions throughout the day.,obs
Barcelona,1981-11-13,17.1,8,11.3,77.9,0,0,0,,,,Partly cloudy throughout the day.,obs
Barcelona,1981-11-14,18,5.9,11,69.2,0,0,0,,,,Clear conditions throughout the day.,obs
Barcelona,1981-11-15,17.1,5.1,11,73.8,0,0,0,,,,Partly cloudy throughout the day.,obs
Barcelona,1981-11-16,16.1,7.1,9.8,84.7,0,0,0,,,,Partly cloudy throughout the day.,obs
Barcelona,1981-11-17,17.1,7.1,10.6,78.9,0,0,0,,,,Partly cloudy throughout the day.,obs
Barcelona,1981-11-18,17.2,6.9,11.6,85.5,0,0,0,,,,Partly cloudy throughout the day.,obs
Barcelona,1981-11-19,18.7,8.1,13,88.1,0,0,0,,,,Partly cloudy throughout the day.,obs
Barcelona,1981-11-20,18.1,9.1,13.2,83.8,0,0,0,,,,Partly cloudy throughout the day.,obs
Barcelona,1981-11-21,19,9.1,13.5,83.2,0,0,0,,,,Partly cloudy throughout the day.,obs
Barcelona,1981-11-22,17.9,8.1,12.4,86.9,0,0,0,,,,Partly cloudy throughout the day.,obs
Barcelona,1981-11-23,18.1,7.1,12.2,89,0,0,0,,,,Partly cloudy throughout the day.,obs
Barcelona,1981-11-24,18.1,9.9,13.1,79.2,0,0,0,,,,Partly cloudy throughout the day.,obs
Barcelona,1981-11-25,18.1,9.1,13.2,76.7,0,0,0,,,,Partly cloudy throughout the day.,obs
Barcelona,1981-11-26,17.1,7.9,11.8,70.2,0,0,0,,,,Partly cloudy throughout the day.,obs
Barcelona,1981-11-27,17.1,5.1,11,64.4,0,0,0,,,,Clear conditions throughout the day.,obs
Barcelona,1981-11-28,16.9,9.1,12.6,68,0,0,0,,,,Partly cloudy throughout the day.,obs
Barcelona,1981-11-29,15,6.1,10.6,71.7,0,0,0,,,,Partly cloudy throughout the day.,obs
Barcelona,1981-11-30,16.7,5.9,10.5,66,0,0,0,,,,Clear conditions throughout the day.,obs
Barcelona,1981-12-01,18.1,9.1,13.1,63,0,0,0,,,,Partly cloudy throughout the day.,obs
Barcelona,1981-12-02,17.1,1.1,11.5,66.6,0,0,0,,,,Partly cloudy throughout the day.,obs
Barcelona,1981-12-03,13,3.1,6.8,59.3,0,0,0,,,,Clear conditions throughout the day.,obs
Barcelona,1981-12-04,13.4,1.9,7.1,54.3,0,0,0,,,,Clear conditions throughout the day.,obs
Barcelona,1981-12-05,15.1,3.8,9.8,65.7,0,0,0,,,,Partly cloudy throughout the day.,obs
Barcelona,1981-12-06,12.9,6.1,8.9,69,0,0,0,,,,Partly cloudy throughout the day.,obs
Barcelona,1981-12-07,14,3.9,8.8,70.8,0,0,0,,,,Partly cloudy throughout the day.,obs
Barcelona,1981-12-08,15.1,5.1,10.3,64,0,0,0,,,,Partly cloudy throughout the day.,obs
Barcelona,1981-12-09,17.9,10.1,13.8,61.1,0,0,0,,,,Partly cloudy throughout the day.,obs
Barcelona,1981-12-10,17.9,9.8,12.9,72.7,0,0,0,,,,Partly cloudy throughout the day.,obs
Barcelona,1981-12-11,19.8,9.1,14.4,67.3,0,0,0,,,,Partly cloudy throughout the day.,obs
Barcelona,1981-12-12,21.9,16.1,18.7,51.9,0,0,0,,,,Partly cloudy throughout the day.,obs
Barcelona,1981-12-13,21.1,10.1,15,67.4,0,0,0,,,,Partly cloudy throughout the day.,obs
Barcelona,1981-12-14,20.9,9.1,16.7,50.9,0,0,0,,,,Partly cloudy throughout the day.,obs
Barcelona,1981-12-15,19,13.3,15.8,45,0,0,0,,,,Partly cloudy throughout the day.,obs
Barcelona,1981-12-16,21.9,14,17.5,55.4,0,0,0,,,,Partly cloudy throughout the day.,obs
Barcelona,1981-12-17,15,10,12.1,72,0,0,0,,,,Partly cloudy throughout the day.,obs
Barcelona,1981-12-18,15.1,8.4,11.6,62.8,0.158,100,4.17,rain,,,Clearing in the afternoon with early morning rain.,obs
Barcelona,1981-12-19,10.1,4,7.8,36.6,0,0,0,,,,Partly cloudy throughout the day.,obs
Barcelona,1981-12-20,12,2.1,6.5,49.3,0,0,0,,,,Partly cloudy throughout the day.,obs
Barcelona,1981-12-21,11.1,4.1,7.7,59.9,0,0,0,,,,Partly cloudy throughout the day.,obs
Barcelona,1981-12-22,14,4.1,8.7,69.9,0,0,0,,,,Partly cloudy throughout the day.,obs
Barcelona,1981-12-23,14.1,9,10.8,69.8,0.079,100,4.17,rain,,0,Partly cloudy throughout the day with afternoon rain.,obs
Barcelona,1981-12-24,15,5.1,12.3,59.1,0,0,0,,,,Partly cloudy throughout the day.,obs
Barcelona,1981-12-25,13,5.8,9.5,62.4,0,0,0,,,,Partly cloudy throughout the day.,obs
Barcelona,1981-12-26,11.2,2.9,7,78,0,0,0,,,,Partly cloudy throughout the day.,obs
Barcelona,1981-12-27,11,5.1,7.7,83.2,3.157,100,4.17,rain,,,Partly cloudy throughout the day with afternoon rain.,obs
Barcelona,1981-12-28,14,5,8.5,85.6,0.409,100,4.17,rain,,,Partly cloudy throughout the day with afternoon rain.,obs
Barcelona,1981-12-29,14.1,9.1,11.8,66.2,0,0,0,,,,Partly cloudy throughout the day.,obs
Barcelona,1981-12-30,16.1,9.1,13.3,78.7,0,0,0,,,,Partly cloudy throughout the day.,obs
Barcelona,1981-12-31,17.1,11.1,13.6,79.8,0.419,100,4.17,rain,,,Partly cloudy throughout the day with afternoon rain.,obs
Barcelona,1982-01-01,16.1,9.1,12.2,66.2,0,0,0,,,,Partly cloudy throughout the day.,obs
Barcelona,1982-01-02,15.1,6.9,10.2,66.9,0,0,0,,,,Clear conditions throughout the day.,obs
Barcelona,1982-01-03,16.1,4.1,9.5,83.8,0,0,0,,,,Partly cloudy throughout the day.,obs
Barcelona,1982-01-04,18,6.1,11.5,72.1,0,0,0,,,,Partly cloudy throughout the day.,obs
Barcelona,1982-01-05,17.6,8.9,12.4,71.1,0,0,0,,,,Partly cloudy throughout the day.,obs
Barcelona,1982-01-06,18,7.1,12.6,70.4,0,0,0,,,,Partly cloudy throughout the day.,obs
Barcelona,1982-01-07,19.1,11.9,15,64.8,0,0,0,,,,Partly cloudy throughout the day.,obs
Barcelona,1982-01-08,17.1,4.1,10.9,81.6,0,0,0,,,,Partly cloudy throughout the day.,obs
Barcelona,1982-01-09,17.9,6.1,11.3,71.5,0,0,0,,,,Partly cloudy throughout the day.,obs
Barcelona,1982-01-10,16.4,6.1,10.6,81.2,0,0,0,,,,Partly cloudy throughout the day.,obs
Barcelona,1982-01-11,15.1,5.1,10.1,78.5,0,0,0,,,,Partly cloudy throughout the day.,obs
Barcelona,1982-01-12,14.1,6.1,10.2,80.9,0,0,0,,,,Partly cloudy throughout the day.,obs
Barcelona,1982-01-13,15.9,6.1,10.7,78.1,0,0,0,,,,Partly cloudy throughout the day.,obs
Barcelona,1982-01-14,13,9.7,11.6,81.4,3.515,100,8.33,rain,,,Partly cloudy throughout the day with rain in the morning and afternoon.,obs
Barcelona,1982-01-15,14,11.1,13,87.6,0.355,100,4.17,rain,,,Cloudy skies throughout the day with afternoon rain.,obs
Barcelona,1982-01-16,15,11.6,13.2,91.5,0.485,100,4.17,rain,,,Partly cloudy throughout the day with afternoon rain.,obs
Barcelona,1982-01-17,13.1,11.1,12.1,93.4,18.308,100,8.33,rain,,,Partly cloudy throughout the day with rain.,obs
Barcelona,1982-01-18,14,10.6,12.4,91,33.224,100,4.17,rain,,,Partly cloudy throughout the day with afternoon rain.,obs
Barcelona,1982-01-19,15,9.1,12.2,89.4,0.349,100,4.17,rain,,,Partly cloudy throughout the day with afternoon rain.,obs
Barcelona,1982-01-20,14.5,7,10.4,86.5,0,0,0,,,,Partly cloudy throughout the day.,obs
Barcelona,1982-01-21,14.1,7,9.6,84.8,0,0,0,,,,Partly cloudy throughout the day.,obs
Barcelona,1982-01-22,13,5,8.2,78.9,0,0,0,,,,Partly cloudy throughout the day.,obs
Barcelona,1982-01-23,14,3.1,7.9,63.2,0,0,0,,,,Clear conditions throughout the day.,obs
Barcelona,1982-01-24,11,1.1,5.7,67.8,0,0,0,,,,Partly cloudy throughout the day.,obs
Barcelona,1982-01-25,14.6,1.1,7.5,72.1,0,0,0,,,,Partly cloudy throughout the day.,obs
Barcelona,1982-01-26,12.1,3.9,8.6,82.1,0.029,100,4.17,rain,,,Partly cloudy throughout the day with afternoon rain.,obs
Barcelona,1982-01-27,15,7,10.9,64.6,0,0,0,,,,Partly cloudy throughout the day.,obs
Barcelona,1982-01-28,14,5,8.5,48.6,0,0,0,,,,Clear conditions throughout the day.,obs
Barcelona,1982-01-29,13.1,1.1,7.3,51.6,0,0,0,,,,Partly cloudy throughout the day.,obs
Barcelona,1982-01-30,15.1,5.1,9.2,69.4,0,0,0,,,,Clear conditions throughout the day.,obs
Barcelona,1982-01-31,13.1,6,9.7,74.6,0,0,0,,,,Clear conditions throughout the day.,obs
Barcelona,1982-02-01,15,4.4,9.4,75.5,0,0,0,,,,Clear conditions throughout the day.,obs
Barcelona,1982-02-02,14,4,9,83,0,0,0,,,,Partly cloudy throughout the day.,obs
Barcelona,1982-02-03,14.1,9.1,11.3,86.4,0.315,100,4.17,rain,,,Partly cloudy throughout the day with late afternoon rain.,obs
Barcelona,1982-02-04,14,5.1,11.3,84.1,0,0,0,,,,Partly cloudy throughout the day.,obs
Barcelona,1982-02-05,13.3,4.9,9.3,85.7,0,0,0,,,,Partly cloudy throughout the day.,obs
Barcelona,1982-02-06,14.1,7.1,10.2,84.6,0,0,0,,,,Partly cloudy throughout the day.,obs
Barcelona,1982-02-07,13,4,8.5,85.8,0,0,0,,,,Partly cloudy throughout the day.,obs
Barcelona,1982-02-08,14.9,7,10.3,78.7,0,0,0,,,,Partly cloudy throughout the day.,obs
Barcelona,1982-02-09,16,5.1,9.1,79.7,0,0,0,,,,Clear conditions throughout the day.,obs
Barcelona,1982-02-10,13.1,4.1,8.8,82.3,0,0,0,,,,Partly cloudy throughout the day.,obs
Barcelona,1982-02-11,13.6,7.1,9.9,85.3,0,0,0,,,,Partly cloudy throughout the day.,obs
Barcelona,1982-02-12,13.1,7.1,10.4,88.3,0,0,0,,,,Partly cloudy throughout the day.,obs
Barcelona,1982-02-13,14,6,10.1,85.7,0,0,0,,,,Partly cloudy throughout the day.,obs
Barcelona,1982-02-14,13.3,6.1,9.5,76.5,0,0,0,,,,Partly cloudy throughout the day.,obs
Barcelona,1982-02-15,12.1,5.9,9.3,81.6,0,0,0,,,,Partly cloudy throughout the day.,obs
Barcelona,1982-02-16,12.1,9.9,10.8,92.1,12.064,100,8.33,rain,,,Cloudy skies throughout the day with rain.,obs
Barcelona,1982-02-17,13,9.9,10.8,93.1,21.151,100,8.33,rain,,,Cloudy skies throughout the day with rain.,obs
Barcelona,1982-02-18,16,10.1,12.6,74.5,0.472,100,4.17,rain,,,Partly cloudy throughout the day with morning rain.,obs
Barcelona,1982-02-19,15.1,10.1,11.9,85,0,0,0,,,,Partly cloudy throughout the day.,obs
Barcelona,1982-02-20,14.1,9.1,10.9,86.4,17.554,100,8.33,rain,,,Partly cloudy throughout the day with rain in the morning and afternoon.,obs
Barcelona,1982-02-21,11,7.1,9.1,82.5,0.028,100,4.17,rain,,,Partly cloudy throughout the day with afternoon rain.,obs
Barcelona,1982-02-22,9.1,6,7.4,87.7,0.117,100,4.17,rain,,,Partly cloudy throughout the day with afternoon rain.,obs
Barcelona,1982-02-23,12,4.1,7.6,76.8,1.731,100,4.17,rain,,,Partly cloudy throughout the day with morning rain.,obs
Barcelona,1982-02-24,13,4.1,8,76.1,2,100,4.17,rain,,,Partly cloudy throughout the day with early morning rain.,obs
Barcelona,1982-02-25,10.1,3.1,6.9,71.4,0,0,0,,,,Partly cloudy throughout the day.,obs
Barcelona,1982-02-26,14.5,3.1,8.7,69.4,0,0,0,,,,Partly cloudy throughout the day.,obs
Barcelona,1982-02-27,14.1,6,10.3,81.8,0,0,0,,,,Partly cloudy throughout the day.,obs
Barcelona,1982-02-28,17.7,9.1,12.8,82.4,0,0,0,,,,Clearing in the afternoon.,obs
Barcelona,1982-03-01,16.9,7.1,12,85.5,0,0,0,,,,Clear conditions throughout the day.,obs
Barcelona,1982-03-02,19.3,9.1,14.1,64.8,0,0,0,,,,Partly cloudy throughout the day.,obs
Barcelona,1982-03-03,17.4,7.1,11.8,79.3,0,0,0,,,,Partly cloudy throughout the day.,obs
Barcelona,1982-03-04,14.2,6,10.7,81.5,0,0,0,,,,Partly cloudy throughout the day.,obs
Barcelona,1982-03-05,17,6,10.7,41,0,0,0,,,,Clear conditions throughout the day.,obs
Barcelona,1982-03-06,15.1,6.1,10,44.5,0,0,0,,,,Clear conditions throughout the day.,obs
Barcelona,1982-03-07,14,7,9.8,63.7,0,0,0,,,,Partly cloudy throughout the day.,obs
Barcelona,1982-03-08,13,3.1,7.5,77.5,0.885,100,4.17,rain,,,Partly cloudy throughout the day with early morning rain.,obs
Barcelona,1982-03-09,14,4.1,8.7,76.8,0,0,0,,,,Partly cloudy throughout the day.,obs
Barcelona,1982-03-10,14.1,5.1,9.6,80.6,0,0,0,,,,Partly cloudy throughout the day.,obs
Barcelona,1982-03-11,17,7.9,11.6,70.1,0,0,0,,,,Partly cloudy throughout the day.,obs
Barcelona,1982-03-12,18.1,8.1,12.5,81.4,0,0,0,,,,Partly cloudy throughout the day.,obs
Barcelona,1982-03-13,15.1,7.1,11.2,80.7,0,0,0,,,,Partly cloudy throughout the day.,obs
Barcelona,1982-03-14,14,8.1,11.1,76.6,0.5,100,4.17,rain,,,Partly cloudy throughout the day with early morning rain.,obs
Barcelona,1982-03-15,12.1,6.1,9.1,87.3,0.047,100,4.17,rain,,,Partly cloudy throughout the day with afternoon rain.,obs
Barcelona,1982-03-16,14.1,4.1,9.9,84.9,0,0,0,,,,Partly cloudy throughout the day.,obs
Barcelona,1982-03-17,15.3,7.1,11,84,0,0,0,,,,Becoming cloudy in the afternoon.,obs
Barcelona,1982-03-18,16.9,3.9,9.6,72.8,0.253,100,4.17,rain,,,Partly cloudy throughout the day with early morning rain.,obs
Barcelona,1982-03-19,14,5.1,9.8,78.3,0.005,100,4.17,rain,,,Partly cloudy throughout the day with early morning rain.,obs
